pre_tax_amount,tax,post_tax_amount,amount_tendered
2.99,0.06,3.05,20
3.59,0.11,3.7,5
46.48,0.32,6.8,10
8,0,8,20
41.57,0,41.57,42
8,0,8,20
4.43,0.31,4.74,20
20,0,20,20
2.37,0.12,2.49,3
1.29,0.12,1.41,10
8.61,0.34,8.95,20
1.19,0.04,1.23,10
4.77,0.31,5.08,6
4.13,0.18,4.31,5
55.01,0,55,55
15.01,0,15.01,15.01
0.99,0.07,1.06,5
2.68,0.08,2.76,5
1,0,1,1
10.29,0.44,10.73,20
2.64,0.24,2.88,5
20,0,20,20
2.68,0.08,2.76,3
7.84,0.07,4.91,4.91
49.78,0,49.78,49.78
1.19,0.03,1.22,1.22
42.96,0.7,43.66,43.66
1.19,0.11,1.3,2
11.99,0.5,12.49,20
20,0,20,20
35,0,35,35
2.57,0.18,2.75,2.75
5.29,0.37,5.66,6
17,0,17,17
5,0.13,5.13,6
5.72,0.24,5.96,5.96
4.76,0.12,4.88,20
11.56,0.5,12.06,12.06
30,0,30,30
20,0,20,20
50,0,50,50
3.04,0.15,3.19,5
1.09,0.1,1.19,1.25
5.48,0.27,5.75,20
14.55,0,14.55,14.55
27.51,0,27.51,27.51
2.59,0.13,2.72,2.72
1.49,0.1,1.59,2
45.05,0,45.05,45.05
20,0,20,20
3.14,0.22,3.36,5
2.18,0.15,2.33,3
10.76,0.97,11.73,20
3.77,0.33,4.1,10
160,0,160,160
2.78,0.25,3.03,4
1.29,0.03,1.32,1.32
17.36,0,17.36,17.36
2.94,0.18,3.12,4
22.56,0.23,22.79,22.79
143,0,143,143
4.96,0.35,5.31,20
40.05,0,40.05,40.05
2,0,2,200
10.1,0,10.1,10.1
0.75,0.02,0.77,1
0.59,0.04,0.63,0.63
1.09,0.1,1.19,2
8,0,8,8
5.08,0.36,5.44,20
1.19,0.07,1.26,2
34,0,34,34
1.98,0.1,2.08,2.08
20.02,0,20.02,20.02
9.53,0.86,10.39,15
11.56,0.58,12.14,15.2
10,0,10,20
42.89,0,42.89,42.89
2.14,0.11,2.25,5
2.58,0.18,2.76,10
39.02,0,39.02,39.02
2.68,0.11,2.79,5
3.76,0.17,3.93,4
20.05,0,20.05,20.05
1.68,0.12,1.8,2
5.94,0.42,6.36,7
7,0,7,7
11.19,0.03,11.22,20
2.18,0.11,2.29,5
8.22,0.58,8.8,9
1.19,0.06,1.25,1.25
5,0.35,5.35,6
0.99,0.02,1.01,1.01
4.18,0.13,4.31,5.31
2.18,0.13,2.31,5.01
5.36,0.16,5.52,10.52
36.49,0.87,37.36,37.36
30.01,0,30.01,30.01
10.76,0.75,11.51,12
30.02,0,30.02,30.02
2.19,0.13,2.32,3
6.98,0.05,7.03,20
2.19,0.05,2.24,2.24
8.32,0.11,8.43,10
20,0,20,20
8,0.15,8.15,100
51.91,1.1,53.01,53.01
20.99,0.02,21.01,40.01
1.38,0.1,1.48,1.48
4.04,0.05,4.09,10
13.13,0.15,13.28,20
21.29,0,21.29,21.29
15,0,15,15
35.5,0,35.5,35.5
1.19,0.08,1.27,5
7,0,7,7
40,0,40,40
10,0,10,10
17,0,17,17
6.66,0.35,7.01,8
1.93,0.1,2.03,2.03
7.15,0.5,7.65,10
11.17,0.78,11.95,15
1.19,0.08,1.27,1.27
3.04,0.15,3.19,20
10,0,10,10
2.09,0.15,2.24,2.24
10,0,10,10
4.23,0.3,4.53,5
25,0,25,25
7.74,0.39,8.13,9
42,0,42,42
26.26,0,10,10
5.38,0.27,5.65,5.65
1,0,1,1
3.58,0.19,3.77,4
1.49,0.07,1.56,10
0.3,0.01,0.31,0.31
35,0,35,35
0.99,0.09,1.08,1.08
3.98,0.24,2.13,2.13
20,0,20,20
23.05,0,23.05,24
4.73,0.24,4.97,10
34.29,0,34.29,34.29
30,0,30,40
20,0,20,20
6.5,0,6.5,6.5
23.99,1.2,25.19,25.19
1.78,0.09,1.87,2
2.08,0.15,2.23,5
4,0,4,10
2.94,0.15,3.09,20
2.29,0.19,2.48,2.48
7.04,0,7,10
0.99,0.07,1.06,5
4.18,0.18,4.36,5
38.69,0.15,38.84,38.84
1.39,0.13,1.52,5
20.02,0,20.02,20.02
20.01,0,20.01,20.01
3.24,0.23,3.47,10
7,0,7,10
21.57,0.59,22.16,30
45.57,0,45.57,45.57
12,0,12,12
19.58,0.98,20.56,21
15,0,15,15
7.01,0,7.01,10
1.44,0.07,1.51,2
22.61,0,22.61,23
1.58,0.11,1.69,5
17.12,0.36,6,6
2.49,0.06,2.55,3
45,0,45,45
17.03,0,17.03,17.03
1.59,0.14,1.73,2
20,0,20,20
2.99,0.21,3.2,10
5.27,0.32,5.59,10
6.99,0.35,7.34,10
1.19,0.06,1.25,2
1,0,1,1
48.1,0,48.1,48.1
4.08,0,4.08,4.08
8.68,0.61,9.29,20
6.78,0.47,7.25,20
2.9,0.27,3.17,3.17
23.88,0.32,24.2,30
28.59,0,28.59,28.59
6,0,6,6
1,0,1,1
9.74,0.3,10.04,20
3.73,0.23,3.96,5
25,0,25,25
7,0,7,7
3.39,0.17,3.56,3.56
6.3,0,6.3,7
1.19,0.06,1.25,2
8.38,0.59,8.97,20
7.37,0.46,7.83,10
0.79,0.04,0.83,1
46.98,3.29,50.27,50.27
4.96,0.45,5.41,6
34.27,1.71,35.98,40
20,0,20,20
15.88,0,15.88,15.88
0.69,0.06,0.75,1
30,0,30,30
1.69,0.09,1.78,2
1.59,0.08,1.67,1.67
5.69,0.47,6.16,20
20,0,20,20
3,0,3,3
9.94,0,9.94,20
0.99,0.06,1.05,2
3.37,0.2,3.57,4
1.29,0.09,1.38,2
4.57,0.23,4.8,5
3.38,0.24,3.62,5
12.5,0,12.5,12.5
14.01,0,14.01,20.01
22.29,0.23,22.52,100
37.4,0,40,40
1.15,0.06,1.21,1.25
3.76,0.11,3.87,5
2.78,0.25,3.03,5.1
19,0,19,19
30.01,0,30.01,30.01
10,0,10,10
3.37,0.17,3.54,4
28.49,2.56,31.05,31.05
1.69,0.12,1.81,2
1.19,0.08,1.27,1.27
12,0,12,12
5,0.13,5.13,10.15
0.99,0,0.99,1
2.99,0.21,3.2,3.2
10.9,0.02,10.92,11
34.19,0,34.19,34.19
10,0,10,20
26,0,26,30
10.77,0,10.77,10.77
3.18,0.1,3.28,5.28
3.26,0.1,3.36,20
69,0,69,69
13.15,0.66,13.81,15
2.04,0.1,2.14,5
4.19,0.21,4.4,5
27.73,0,27.73,27.73
4.28,0.3,4.58,5
37,0,37,37
18.25,0,18.25,18.25
5.96,0.37,6.33,20
4.43,0.22,4.65,4.65
2,0,2,5
1.29,0.04,1.33,2
5.68,0.28,5.96,10
6.74,0.2,6.94,20
8,0,8,10
18,0,18,18
27.15,0.02,27.17,27.17
4.41,0.1,4.51,10
10,0,10,20
1.29,0.09,1.38,2
8.49,0.42,8.91,10
7,0,7,7
1,0,1,1
9.92,0.69,10.61,20.61
60.01,0,60.01,60.01
16.78,0.84,17.62,18
39.14,0,39.14,39.14
2.97,0.27,3.24,3.24
1.49,0.14,1.63,2
1.09,0.07,0.5,0.5
11.68,0.04,11.72,12
6.58,0.46,7.04,7.25
5.99,0.54,6.53,6.53
7.5,0,7.5,7.5
6.06,0.3,6.36,6.36
25.77,0.32,26.09,50
6,0,6,20
10.99,0.09,11.08,12
32.44,0,32.44,32.44
41.54,0,41.54,41.54
2.85,0.14,2.99,2.99
5.18,0.36,5.54,20
10,0,10,10
21,0,21,21
4.19,0.39,4.58,10
63.61,0,63.61,63.61
0.99,0.05,1.04,1.04
31.5,0,31.5,31.5
0.99,0.06,1.05,1.05
5.99,0.1,6.09,7
2.79,0.17,2.96,5
1.29,0.09,1.38,50
1.78,0.1,1.88,2
9.05,0,9.05,9.05
1.69,0.05,1.74,2
39.43,0,39.43,39.43
2.39,0.11,2.5,3
3,0,3,3
16.43,1.15,17.58,20
1,0,1,1
20.99,1.05,22.04,22.04
0.5,0.03,0.53,1
11,0,11,20
3.64,0.18,3.82,5
26,0,28,28
10,0,10,10
5.68,0.33,6.01,6.01
1.49,0.03,1.52,1.55
0.99,0.07,1.06,2
32.83,0,32.83,32.83
2.89,0.2,3.09,5
19,0,19,19
20.31,0,20.31,20.31
2.28,0.16,2.44,5
44.01,0,44.01,44.01
0.79,0.04,0.83,1
1,0,1,1
1.98,0.1,2.08,2.08
1.29,0.11,1.4,20
15,0,15,20
26,0,26,26
9.52,0.23,9.75,10
0.59,0.04,0.63,1
0,0,10,10
10.99,0.15,1,1
0.79,0.07,0.86,1
12.39,0.07,12.46,50
1.38,0.1,1.48,10
18.19,0.03,18.22,20
2.28,0.16,2.44,5
1.29,0.04,1.33,20
5.27,0.37,5.64,20
1.39,0.07,1.46,2
3.38,0.11,3.49,4
20,0,20,20
1.98,0.05,2.03,2.03
1,0.07,1.07,1.07
6.56,0.36,6.92,6.92
5.76,0.12,5.88,6
37,0,37,37
3.77,0.11,3.88,10
5,0,5,20
9.95,0.86,10.81,20
2.18,0.07,2.25,2.25
20,0,20,20
2.88,0.09,2.97,3
1.59,0.08,1.67,20
2.68,0.14,2.82,20
4.19,0.06,4.25,5
1.29,0.12,1.41,5
29.37,1.92,31.29,40
22.29,0.09,22.38,23
0.25,0.02,0.27,0.27
49.5,0,49.5,49.5
42.98,3.01,15,15
1.19,0.03,1.22,1.3
25,0,25,25
1.29,0.09,1.38,2
27.5,0,27.5,27.5
2.34,0.12,2.46,3
1.29,0.03,1.32,2
4,0,4,4
3.19,0.16,3.35,4
3.99,0.33,4.32,4.32
13.15,0,13.15,13.15
1.89,0.17,2.06,10
5,0,5,5
4.65,0.14,4.79,10
3.27,0.08,3.35,10
16.1,0,16.1,16.1
5.19,0.36,5.55,5.55
4.98,0.3,5.28,10
31,0,31,31
36.37,0,36.37,36.37
1.88,0.09,1.97,5
41.2,0,41.2,41.2
0.99,0.07,1.06,5
21.03,0,21.03,21.03
2,0,2,2
28.08,0,28.08,28.08
10.95,0.99,11.94,20
30.01,0,30.01,30.01
3.79,0.23,4.02,4.25
3.44,0.17,3.61,4.01
0.99,0.09,1.08,1.08
50,0,50,50
0.89,0.06,0.95,1
16.04,0,16.04,16.04
20,0,20,20
13.49,0.1,13.59,15
26.19,0.08,26.27,26.27
20,0,20,20
3.36,0.07,3.43,4
1.29,0.03,1.32,1.32
6.5,0.37,6.87,10
10,0,10,10
8.04,0.15,8.19,20
1.29,0.04,1.33,5
1.19,0.07,1.26,2
20,0,20,20
5.25,0.26,5.51,6
30.49,0,30.49,30.49
2.08,0.15,2.23,2.23
50,0,50,50
1,0,1,1
1.99,0.06,2.05,2.25
20,0,20,20
1.59,0.11,1.7,5
0.98,0.03,1.01,10.01
1.39,0.1,1.49,2
6.96,0,6.96,6.96
38.8,0.17,38.97,38.97
19,0,19,19
3.28,0.23,3.51,4
24.49,1.22,25.71,30
26.25,0,26.25,26.25
5.87,0.18,0.55,0.55
1.38,0.1,1.48,20
13.17,0.79,13.96,20
4.24,0.25,4.49,4.49
4.17,0.29,4.46,10
2.09,0.08,2.17,2.25
1.19,0.04,1.23,1.23
10,0,10,20
1.68,0.03,1.71,5
35.28,0,35.28,35.28
23.5,0,23.5,23.5
29.5,0,29.5,29.5
3.67,0.17,3.84,20
4.17,0.13,4.3,5
5,0,5,5
9.65,0.87,10.52,20
38.7,0.66,39.36,100
2.67,0.08,2.75,3
29.99,2.1,32.09,32.09
32.75,0,32.75,32.75
7.67,0.54,8.21,20
0.89,0,0.89,1
3.77,0.26,4.03,5
27.97,0,27.97,40
1.09,0.08,1.17,1.17
1.49,0.04,1.53,2
50,0,50,50
5.83,0.31,6.14,6.14
43.03,0,43.03,43.03
1.29,0.04,1.33,1.5
19.72,0,19.72,19.72
7.27,0.51,7.78,8
10.51,0,10.51,10.51
11,0.03,11.03,15
0.59,0.04,0.63,1
0.99,0.02,1.01,2
42.28,2.96,45.24,50
30.87,2.78,33.65,33.65
30.4,0,30.4,30.4
17.01,0,17.01,17.01
3.04,0.15,3.19,5.25
1,0.07,1.07,2
50,0,50,50
62.5,0,62.5,70
23.87,0,23.87,24
0.99,0.09,1.08,2
4.47,0,4.47,4.47
1.19,0.03,1.22,2
16.56,1.16,17.72,20
4.54,0.27,4.81,20
1.29,0.04,1.33,10
20.99,0,20.99,20.99
20,0,20,20
41.69,0,41.69,41.69
23.78,0,23.78,23.78
7.08,0.19,7.27,7.27
14,0,14,14
7.49,0.37,7.86,10
47.88,0.17,48.05,48.05
2,0.18,2.18,3
65,0,65,65
4.76,0.24,5,5
5,0.13,5.13,6
10.28,0.9,11.18,20
8.43,0.42,8.85,10
20,0,20,20
11.59,0,11.59,21.59
20,0,20,20
25,0,25,25
1.29,0.09,1.38,1.5
0.99,0.06,1.05,2
50,0,50,50
11,0,11,21
2.68,0.19,2.87,2.87
5,0.13,5.13,6
30,0,30,30
4.88,0.29,5.17,5.17
1.49,0.04,1.53,1.53
2.69,0.19,2.88,5
2.59,0,2.59,10
2,0,2,2
0.99,0.07,1.06,1.06
8.47,0.59,9.06,100
2.77,0.04,2.81,3
8.67,0.43,9.1,20.1
1.98,0.09,2.07,3
19.76,0,19.76,19.76
15,0.75,15.75,15.75
2,0,2,2
6.78,0.31,7.09,10
3.69,0.12,3.81,20
43.01,0,43.01,100
15,0,15,20
29.7,0,29.7,29.7
0.99,0.09,1.08,1.08
2.08,0.1,2.18,3
22.77,0,22.77,22.77
20.47,1.37,21.84,22
16.79,0.61,17.4,20
2.18,0.11,2.29,5
10.01,0,10.01,20.01
6,0,6,10
10,0,10,20
22.04,0.1,22.14,25
4.46,0.13,0.09,0.1
28.18,0.25,28.43,30
1.68,0.05,1.73,5
50,0,50,50
5.14,0.26,5.4,5.4
0.79,0.07,0.86,1
1.19,0.08,1.27,1.27
4.26,0.29,4.55,5
5.82,0.29,6.11,10
3.39,0.17,3.56,3.61
23.25,0,23.25,23.25
20.17,0,20.17,20.17
1.99,0.14,2.13,2.13
2.09,0.1,2.19,3
14,0,14,20
1.19,0.08,1.27,2
21.51,0,21.51,40
0.99,0.07,1.06,20
10,0,10,20
1.29,0.03,1.32,5.32
1.29,0.04,1.33,1.33
10.3,0.85,0.55,0.55
1,0,1,1
3.14,0.16,3.3,5
1.98,0.04,2.02,10
5.07,0.46,5.53,20
1.19,0.08,1.27,2
2.58,0.08,2.66,10
2.98,0.11,3.09,3.25
36.88,0,36.88,36.88
7.69,0.19,7.88,20
20,0,20,20
0.99,0.07,1.06,2
26.08,0.07,26.15,26.15
0.3,0,0.3,1
27.44,0,27.44,27.44
3.64,0.25,3.89,5
14.21,0.1,14.31,14.31
21.3,0.09,21.39,25.39
2.58,0.18,2.76,5
3.96,0.2,4.16,4.16
35,0,35,35
20,0,20,20
26.78,0.17,26.95,26.95
10,0,10,10
0.79,0.07,0.86,1
28.85,0,28.85,28.85
7,0,7,7
7.01,0,7.01,7.01
25.69,0,25.69,26
10,0,10,10
3.37,0.06,3.43,5
49.46,0.26,49.72,49.72
10,0,10,10
17.97,0.56,18.53,20
36,0,36,36
30.01,0,30.01,30.01
3,0.06,3.06,10.25
0.99,0.02,1.01,2
6.48,0.39,6.87,7
13.08,0.22,13.3,13.3
1.93,0.1,2.03,2.03
7.44,0.17,7.61,8
5,0.41,5.41,6
61,0,61,61
2.85,0.14,2.99,3
6.58,0.2,6.78,10
47.03,0.25,47.28,47.28
1.29,0.06,1.35,1.35
24.42,0,24.42,24.42
2.98,0.14,3.12,5
2,0,2,2
30,0,30,30
2.89,0.2,3.09,3.09
1.19,0.08,1.27,2
2.58,0.18,2.76,5
11.68,0.04,11.72,15
14.05,0.09,14.14,14.14
49.01,0,49.01,49.01
25,0,25,25
30.11,0,30.11,31
10.02,0,10.02,10.02
1.19,0.11,1.3,1.3
4.36,0.21,4.57,4.57
2.69,0.19,2.88,3
5.41,0.29,5.7,6
7.75,0,7.75,7.75
1.38,0.04,1.42,2
1.88,0.09,1.97,20
9.98,0.5,10.48,50.5
6.48,0.45,6.93,20
2.58,0.13,2.71,3.01
37,0,37,37
31,0,31,31
20,0,20,50
10,0,10,10
33.01,0,40,40
0.15,0,0.15,0.15
1.99,0.14,2.13,2.13
0.69,0.02,0.71,1
0.25,0.01,0.26,0.26
0.25,0.02,0.27,0.27
10,0,10,10
8.75,0.23,8.98,10
30.26,0.72,30.98,40
50,0,50,50
20,0,20,20
1.59,0.03,1.62,20
12.18,0.11,12.29,22.29
10,0,10,10
5,0,5,5
34.84,0,34.84,34.84
3.98,0.2,4.18,5
10,0,10,10
0.99,0.07,1.06,1.06
38.77,0.08,38.85,40
4.19,0.13,4.32,5
4.97,0.35,5.32,20
25,0,25,25
13.51,0,13.51,13.51
25.98,1.82,27.8,27.8
5,0,5,5
30.01,0,30.01,40.01
30.87,0,30.87,30.87
3,0,3,3
33.3,0,33.3,40.3
1.78,0.08,1.86,2
5,0,5,5
0.99,0.07,1.06,1.06
16.51,0,16.51,50.51
2.39,0.12,2.51,2.51
1.29,0.04,1.33,5
25,0,25,25
8.14,0.72,8.86,20
20.99,0.02,21.01,21.01
26.01,0,26.01,26.01
3.28,0.07,3.35,4
20.99,1.47,22.46,25
50,0,50,50
0.69,0.03,0.72,0.75
5,0,5,5
14.99,0.9,15.89,15.89
7.35,0.32,7.67,20
2.9,0.27,3.17,20
10,0,10,10
31,0,31,31
6.69,0.47,7.16,80
1.09,0.07,1.16,2
1.79,0,1.79,2
14,0,20,20
8.14,0,8.14,8.14
10.97,0.25,11.22,20.22
5.36,0.38,5.74,6
2.23,0.04,2.27,3
41.72,0.08,41.8,41.8
20,0,20,50
2.14,0.09,2.23,3
5.26,0.16,5.42,10
3.27,0.17,3.44,5
24,0,24,24
0.99,0.07,1.06,1.06
0.99,0,0.99,20
5.04,0,5.04,5.04
13.25,0,13.25,13.25
42.5,0,42.5,43
22.25,0,22.25,22.25
2.19,0.05,2.24,3
4.59,0,4.59,4.59
7.96,0.24,8.2,8.2
9.38,0.84,10.22,10.27
43.65,0,43.65,43.65
2.57,0.1,2.67,3
8.68,0.33,9.01,20
1.38,0.11,1.49,2
1.49,0.07,1.56,2
5.99,0.42,6.41,20
20,0,20,20
1.49,0.03,0.5,0.5
10.01,0,10.01,10.01
30,0,30,100
149.99,9,158.99,158.99
23.22,1.14,24.36,30
5,0.15,5.15,10
0.69,0.05,0.74,1
7.64,0.26,7.9,10
28.11,0,28.11,28.11
8,0,8,8
8.57,0.35,8.92,10
21,0,21,21
2.38,0.17,2.55,20
3.27,0.23,3.5,3.5
5.05,0.07,5.12,5.15
40.28,0,40.28,40.28
42.01,1.15,43.16,100
5.81,0.29,6.1,10
4,0,4,4
3.96,0.16,4.12,10
4.78,0.33,5.11,20
19.41,0,19.41,19.41
55.76,0.79,56.55,100
21.49,1.5,3,3
20.06,0,25,40
11,0,11,21
5.08,0.25,5.33,5.33
0.25,0.02,0.27,0.27
38.5,0,20,20
2.89,0.2,3.09,4
20,0,20,20
20,0,20,20
2.48,0.07,2.55,2.55
1.29,0.09,1.38,5
45,0,45,45
9.63,0.87,0.5,20
4.33,0.22,4.55,20
4.07,0.21,4.28,5
2.98,0.06,3.04,10.04
26.76,0,26.76,30
42.1,0,42.1,42.1
10,0,10,20
2.94,0.21,3.15,5
21.04,0,21.04,21.04
19.81,0,19.81,20
40,0,40,40
36.4,0,36.4,36.4
33.28,0,33.28,33.28
0,0,10,10
1.99,0.12,2.11,2.11
13.5,0,13.5,13.5
10,0,10,10
0.99,0.07,1.06,1.06
19.98,0.02,20,20
10.08,0,10.08,10.1
6,0,6,20
33.01,0,33.01,40.01
12.34,0.12,12.46,20
4.39,0.19,4.58,5
60,0,60,60
2.48,0.17,2.65,20
24.67,1.73,26.4,26.4
0.99,0.02,1.01,1.01
1.59,0.03,1.62,5
1.69,0.05,1.74,10
6.36,0.34,6.7,20
0.99,0.02,1.01,1.01
7.27,0.46,7.73,20
2.98,0.09,3.07,3.1
1.54,0,1.54,1.54
3.04,0.15,3.19,4
1.98,0.06,2.04,5.05
2.89,0.2,3.09,4
28,0,28,28
2.97,0.21,3.18,4
1,0,1,1
20.3,0,20.3,20.3
2,0,2,2
36,0,36,36
14.41,0.43,14.84,20
80.5,0,80.5,80.5
1.39,0.03,1.42,2
24,0,24,24
5.56,0.3,5.86,5.86
25.01,0,25.01,25.01
5.69,0.4,6.09,20.1
2.85,0.2,3.05,4
32.7,0.07,32.77,40
41.68,0.12,41.8,42
29.74,0.11,29.85,29.85
3.39,0.17,3.56,4
28.44,1.99,30.43,30.43
5,0,5,5
38.92,0,38.92,40
1.09,0.08,1.17,1.25
1.99,0.14,2.13,2.25
5,0,5,5
12.02,0,12.02,12.02
8,0,8,8
23,0,23,23
2.97,0.15,3.12,5
35,0,35,35
40.02,0,40.02,40.02
8.01,0,8.01,8.01
20.05,0,20.05,20.05
6,0,6,6
0.5,0,0.5,1
1.29,0.12,1.41,2
17.72,0,17.72,20
1.59,0.05,1.64,2
1.19,0.06,1.25,5
38.39,0.17,38.56,100
2.88,0.2,3.08,3.08
1.98,0.12,2.1,2.1
1.59,0.11,1.7,20
1,0,1,1
5.02,0,5.02,5.02
38.97,1.38,40.35,41
5,0,5,5
0.79,0.02,0.81,0.81
22,0,22,22
4.51,0,4.51,4.51
2.5,0,2.5,10
20.52,1.44,5,5
1.19,0.03,1.22,2
2.19,0.05,2.24,3
1.15,0.06,1.21,20.01
24.05,0,24.05,24.05
0.69,0.02,0.71,1.01
20.01,0,20.01,20.01
1.19,0.06,1.25,1.25
24.01,0,24.01,24.01
22.38,0,22.38,40
43,0,43,43
20,0,20,20
38,0,38,40
1.49,0.03,1.52,2
24.38,0.31,24.69,25
0.99,0.07,1.06,1.26
46.66,1.58,1.5,1.5
4.58,0.23,4.81,4.81
4.27,0.11,4.38,5
2.89,0.11,3,3
20.37,0,20.37,20.37
35.67,0,35.67,35.67
3.68,0.26,3.94,5
38.59,0,38.59,40
1.59,0.05,1.64,2
5.17,0.26,5.43,6
7.5,0.05,7.55,8
1.99,0.14,2.13,3
1.59,0.05,1.64,5
9.29,0.09,9.38,20
2,0,2,20
1.29,0.09,1.38,1.38
7,0,7,20
10.81,0.59,11.4,20
7.49,0.52,8.01,20.01
24.29,0,24.29,24.29
13,0,13,13
13.42,0,13.42,13.42
1.99,0.14,2.13,3
20,0,20,20
7.14,0,7.14,7.14
5.96,0.18,6.14,7
23.79,0,23.79,23.79
2.49,0.12,2.61,3
28.38,0.25,28.63,50
22.26,0.22,22.48,22.48
8,0,8,8
3.18,0.06,3.24,4
14.96,0.75,15.71,20
1.38,0.1,1.48,1.52
8.98,0.45,9.43,9.43
1.59,0.11,1.7,2
7.9,0.4,8.3,10.3
2.58,0.15,2.73,5
3.96,0.15,4.11,5
35,0,35,35
32.98,0,32.98,32.98
3.98,0.2,4.18,5
17.6,0,17.6,17.6
15,0,15,50
4.77,0.24,5.01,5.01
5,0,5,5
1.88,0.08,1.96,2
1.29,0.09,1.38,1.38
31.8,2.62,20,20
3.37,0,3.37,5
12.94,0.2,13.14,20.25
6,0,6,6
8,0,8,20
2.37,0,2.37,2.37
5.56,0.17,5.73,10
19.5,0,19.5,20
2,0,2,35
7,0,7,7
35.19,0,35.19,35.19
1.19,0.11,1.3,1.3
3,0,3,20
7.6,0.26,7.86,8
26.64,0,26.64,26.64
1.48,0.03,1.51,2
5.98,0.42,6.4,20.45
3.29,0.13,3.42,3.42
20,0,20,20
2,0,2,2
2.89,0.2,3.09,4
3.57,0.15,3.72,4
41,0,41,41
10.49,0.73,11.22,12
1.88,0.09,1.97,5
1.98,0.14,2.12,3
0.39,0.03,0.42,0.42
5,0,5,10
3.04,0.15,3.19,3.25
1.49,0.03,1.52,2
0.79,0.04,0.83,0.83
7.94,0.45,8.39,20.5
23.08,0,23.08,23.08
2.99,0.18,3.17,4
20,0,20,20
33.88,0,33.88,33.88
10.33,0.72,11.05,20
17.48,0.28,17.76,20
1.19,0.11,1.3,5
47,0,47,47
10,0,10,10
5,0,5,5
10,0,10,10
13.2,0,13.2,13.2
30,0,30,30
2.18,0.2,2.38,5
12.35,1.08,13.43,14
2,0,2,2
2.09,0.15,2.24,3
4.17,0.35,4.52,10
0.79,0.02,0.81,1
10,0,10,10
15,0,15,15
53.01,0,53.01,53.01
4.99,0.25,5.24,5.24
10,0,10,20
8,0,8,50
3.84,0.09,3.93,5
35,0,35,35
33.84,0,33.84,33.84
27.75,0,27.75,27.75
10,0,10,10
8.01,0,8.01,8.01
0.99,0.03,1.02,2
42.01,0,42.01,42.01
5,0,5,5
95,0,95,100
26.67,1.87,28.54,30
20,0,20,20
1.29,0.09,1.38,5
3.19,0.06,3.25,15
1.49,0.09,1.58,5
3.03,0.17,3.2,5
15,0,15,15
1.19,0.07,1.26,2
20,0,20,20
6.17,0,6.17,7
19.34,0,19.34,19.34
8.01,0,8.01,10.01
49.79,0,49.79,49.79
2,0,2,2
1.98,0.14,2.12,2.12
19.99,1.2,21.19,100
1.19,0.08,1.27,5
6.1,0,6.1,10.1
47.55,0,47.55,47.55
46,0,46,60
0.99,0.03,1.02,1.02
0.99,0.05,1.04,20.05
58.29,0.11,58.4,58.4
2.38,0.21,2.59,3
39.98,0,40,40
3.96,0.28,4.24,20.25
2.38,0.21,2.59,3
30,0,30,30
3.78,0.26,4.04,10
0.59,0.04,0.63,0.63
3,0,3,5
0.69,0.04,0.73,0.73
1.59,0.05,1.64,2
41.12,0,41.12,41.12
0.59,0.04,0.63,1
0.59,0.04,0.63,1
2.69,0.19,0.01,0.01
13,0.07,3.07,5
3.37,0.24,3.61,20
10,0,10,10
50,0,50,50
5.98,0,5.98,6
20,0,20,20
1.19,0.06,1.25,2
2.88,0.12,3,5
0.99,0.05,1.04,5.1
54.7,0,54.7,54.7
25.99,1.82,24.81,25
26.25,0,0.25,0.25
19,0,19,19
4.02,0,4.02,20.02
0.59,0.04,0.63,1
18.2,0.76,18.96,20
0.99,0.07,1.06,1.06
1.29,0.04,1.33,20
4.16,0.18,4.34,5
7.15,0.02,7.17,7.17
0.99,0.09,1.08,1.28
20,0,20,20
18.88,0,18.88,18.88
7.42,0,7.42,7.42
3.49,0.24,3.73,10
0.99,0.05,1.04,2
1.88,0.1,1.98,5
23.3,0,23.3,23.3
1.99,0.14,2.13,2.25
33.44,0,33.44,33.44
39.2,0,39.2,40
0.99,0.06,1.05,2
20,0,20,20
29,0,29,29
16.37,0,16.37,100
6.03,0.3,6.33,6.5
2,0,2,2
2.89,0.17,3.06,4
20,0,20,20
10.01,0,10.01,11
5,0,5,5
7,0,7,7
15.52,0.31,15.83,16
1.59,0.03,1.62,2
1,0,1,1
5.46,0.15,5.61,20
2.99,0.21,63.2,80.25
6.47,0.53,7,7
35.88,0,35.88,35.88
1.24,0.09,1.33,1.5
6.09,0.08,6.17,50
1.1,0,1.1,1.1
6,0,6,6
35,0,35,35
2,0,2,2
4,0,4,20
2.37,0.05,2.42,3
8.99,0.81,4.8,4.8
84.43,4.98,89.41,100
11,0,11,11
2,0,2,2
7.49,0.52,8.01,20.01
3.24,0.16,3.4,3.4
6.23,0.2,6.43,7
1.98,0.14,2.12,20
5,0,5,5
3.04,0.15,3.19,5
10.32,0.06,10.38,10.38
5,0.25,5.25,6
1.29,0.04,1.33,1.35
35.97,2.16,38.13,38.13
4.68,0.33,5.01,20
22.14,0.03,22.17,50
4.68,0.23,4.91,5
11.98,0.14,12.12,12.2
0.25,0.02,0.27,1
1.59,0.1,1.69,2
10,0,10,10
20,0,20,20
4.8,0.44,5.24,20
15.91,0,15.91,15.91
2.37,0.11,2.48,3
3.87,0.22,4.09,5
30.02,0,30.02,30.02
36.68,0,36.68,36.68
0.99,0.09,1.08,1.08
2.49,0.06,2.55,2.55
62.95,3.78,66.73,66.73
3.99,0,3.99,20
4.57,0.32,4.89,4.89
21.52,0.03,21.55,25
39.04,0.1,39.14,40
26.01,0,26.01,26.01
6,0,6,6
2.65,0.19,2.84,3
35.02,0,35.02,35.02
4.9,0.25,5.15,10.25
1.99,0.05,2.04,2.04
31.01,0,31.01,40.01
5,0,5,5
1.19,0.08,1.27,1.27
4.17,0.1,4.27,10.27
88.75,0.24,88.99,88.99
5,0,5,5
5.94,0.34,6.28,20
0.89,0,0.89,1
20,0,20,20
44,0,44,44
42,0,42,42
0.74,0.07,0.81,1
34,0,34,50
34.75,0,34.75,35
4,0,4,4
8.98,0.45,9.43,10
27.24,1.34,28.58,50
1.19,0.06,1.25,1.25
0.99,0.07,1.06,1.06
15.99,0.3,16.29,20
32.3,0,32.3,32.3
5.99,0.42,6.41,50
24.99,0.05,25.04,100
37.98,2.66,4,4
10,0,10,10
1.69,0.15,1.84,20
35.26,0.51,35.77,100
15.13,0.7,15.83,16
2.97,0.13,3.1,3.1
4.95,0.46,5.41,10
6,0,6,20
17.25,0.51,17.76,20
25.02,0,25.02,25.02
30,0,30,30
2.08,0.08,2.16,3
10.58,0.53,11.11,20
1.29,0.06,1.35,1.35
23.4,0,23.4,23.4
5,0,5,5
0.99,0.09,1.08,1.25
14.99,0.09,15.08,20
0.69,0.02,0.71,20
8,0,8,20
20,0,20,20
2.08,0.15,2.23,2.25
44.24,0,44.24,44.24
5.98,0.31,6.29,6.29
1.29,0.04,1.33,2
10,0,10,10
20.99,0.09,21.08,21.1
36.5,0,36.5,36.5
37,0,37,37
1.79,0.05,1.84,2
1.49,0.1,1.59,2
27.75,0,27.75,27.75
42,0,42,45
19.8,0,19.8,20.8
10.01,0,10.01,10.01
3.39,0.17,3.56,3.56
3.24,0.16,3.4,5
1.99,0.04,2.03,2.03
1.98,0.1,2.08,2.08
1.69,0.12,1.81,20
20.58,0.08,20.65,20.65
1.98,0.1,2.08,2.08
5,0.15,5.15,20.15
28.89,0.35,29.24,50
56.18,0,56.18,56.18
50,0,50,50
1.78,0.05,1.83,20.03
3.39,0.17,3.56,4
0.99,0.02,1.01,1.01
0.99,0.09,1.08,5
10,0,10,20
0.99,0.07,1.06,1.06
3.98,0.28,4.26,5
0.99,0.09,1.08,2
30.75,0,30.75,30.75
5.19,0.06,5.25,20.05
2.45,0.17,2.62,20
5.08,0.25,5.33,6
19,0,19,19
59.81,0,59.81,59.81
10.74,0.21,10.95,10.95
3.44,0.17,3.61,4
9.16,0.82,9.98,9.98
1.78,0,1.78,1.78
9,0,9,172.11
1,0.03,1.03,1.03
26.99,1.35,28.34,30
1.99,0.06,2.05,20.05
6,0,6,10
30,0,30,30
2.48,0.17,2.65,5
2.57,0.22,2.79,2.79
8,0,8,8
10,0.5,10.5,10.5
5,0.13,5.13,6
1.98,0.14,2.12,2.25
5,0,5,5
2.18,0.11,2.29,3
2.99,0,2.99,3
28.47,0.56,29.03,30
4.27,0.1,4.37,10
38.8,0.14,38.94,38.94
1.98,0.09,2.07,20
47.61,0.18,47.79,50
10.01,0,10.01,10.01
2.29,0.11,2.4,2.4
4,0,4,4
16.94,0.14,17.08,17.08
38.95,0,38.95,38.95
25,0,25,25
1.44,0.05,1.49,1.5
26,0,26,26
2.94,0.21,3.15,10.25
26.34,0,26.34,26.34
5,0,5,5
1.97,0.08,2.05,10.05
1.98,0.11,2.09,10
3.28,0.23,3.51,4
0.79,0.07,0.86,1
1.1,0.06,1.16,1.25
10,0,10,20
0.99,0.05,1.04,1.1
9,0,9,20
6,0,6,6
3.57,0.25,3.82,5
24.51,0,24.51,25.51
2.38,0.12,2.5,3
5.73,0.34,6.07,6.07
1.49,0.07,1.56,2
65.3,1.17,66.47,100
5.27,0.43,5.7,6
22.99,0.4,23.39,100
1.19,0.02,1.21,1.26
2.34,0.12,2.46,3
7.49,0.52,8.01,20
7.78,0.54,8.32,8.32
47.04,0,47.04,47.04
20,0,20,20
0.5,0.03,0.53,1
3.27,0.1,3.37,5
1.19,0.08,1.27,2
0.59,0.04,0.63,0.63
29.18,0,29.18,29.18
1.29,0.08,1.37,2
2.88,0.13,3.01,20
33,0,33,33
91.1,0.09,91.19,91.19
1.68,0.15,1.83,2
34.21,0,34.21,34.21
29.99,0,29.99,29.99
40,0,40,100
39,0,39,39
40,0,40,40
1.68,0.09,1.77,50
36.89,0,36.89,36.89
5.98,0.42,6.4,20
29,0,29,29
4.5,0.04,4.54,5
0.99,0.03,1.02,1.02
35.01,0,35.01,35.01
2.89,0.2,3.09,10
31.37,0,31.37,31.37
49.1,0,49.1,49.1
21.19,0.02,21.21,21.21
3.3,0,3.3,5.3
10,0,10,10
29.99,2.77,32.76,40
2.58,0.12,2.7,3
18.4,0,18.4,20
1.98,0.14,2.12,20.12
4.19,0,4.19,4.19
5.96,0.42,6.38,6.38
17.38,0.38,17.76,17.76
10,0,10,10
8,0,8,20
6.39,0.45,6.84,10
29.46,0,29.46,29.46
51.79,1.25,53.04,53.04
5.98,0.42,6.4,20
1.29,0.08,1.37,2
1.29,0.12,1.41,20
0.79,0.02,0.81,0.81
6.07,0.39,6.46,20.51
45.49,0,45.49,45.49
4.48,0.31,4.79,20
50,0,50,50
3,0,3,5
5,0,5,20
12,0,12,12
0.99,0.02,1.01,1.05
6.96,0.21,7.17,20
5.55,0.48,6.03,6.03
37,0,37,50
2.79,0.14,2.93,5
5,0,5,5
33.29,0.51,33.8,33.8
20,0,20,20
5,0,5,20
5,0,5,5
32,0,32,32
31.3,0,31.3,40
5,0,5,5
9.48,0.47,9.95,20
5.18,0.21,5.39,5.5
6.03,0,6.03,7
2.09,0.15,2.24,2.24
0.99,0.07,1.06,10
3.49,0.04,3.53,5
5,0,5,5
1.29,0.08,1.37,10
26.75,0.07,26.82,26.82
41.6,0.13,41.73,42
0.99,0.07,1.06,2
18.84,0.94,19.78,20
1.38,0.03,1.41,2
26.66,0.08,26.74,50.75
5.3,0.49,5.79,6
1.54,0.08,1.62,1.62
43.75,0,43.75,50
21.2,0,21.2,21.2
1.38,0.04,1.42,2
3.57,0.11,3.68,10
2.08,0.17,2.25,3
4.19,0.38,4.57,5
23.01,0,23.01,23.01
1.29,0.04,1.33,5
3.28,0.07,3.35,3.35
9.03,0,9.03,10
10,0,10,10
31.01,0,31.01,31.01
3.14,0.16,3.3,5.3
20.24,0.23,20.47,20.5
5,0,5,5
11.5,0,11.5,12
45.01,0,45.01,45.01
0.99,0.07,1.06,1.06
44,0,44,45
21.51,0,21.51,21.51
13.55,0.57,14.12,20.12
23.49,1.64,25.13,25.13
50,0,50,50
0.33,0.01,0.34,1
16.99,0.02,17.01,17.01
0.99,0.05,1.04,1.04
13.49,0.42,13.91,20
16.25,0,16.25,20
1.19,0.06,1.25,1.3
10,0,10,10
0.5,0.02,0.52,1
1.98,0.1,2.08,2.08
10,0,10,10
29.07,0,29.07,29.07
0.59,0.04,0.63,0.63
1.29,0.04,1.33,20.33
31.51,0,31.51,31.51
79,0,79,79
0.99,0.07,1.06,2
1.09,0.07,1.16,2
0.79,0.06,0.85,1
1.59,0.11,1.7,2
0.59,0.04,0.63,5
24.84,0,24.84,24.84
4.13,0.18,4.31,10
1.68,0.03,1.71,5
0.89,0.02,0.91,5
1.99,0.12,2.11,100
1.29,0.08,1.37,2
40,0,40,40
9.67,0.48,10.15,20
1.19,0.03,1.22,2
2.89,0.2,3.09,5
2.39,0.17,2.56,3
22.59,0.12,22.71,25
10,0,10,20
5,0.13,5.13,10
10.02,0,10.02,10.02
29.88,0,29.88,29.88
36.01,0,36.01,36.01
2.48,0.17,2.65,3
4.79,0.24,5.03,20.1
0.59,0.04,0.63,0.63
6.27,0.31,6.58,10.58
2.9,0.14,3.04,20.03
20,0,20,20
22.81,0.2,23.01,23.01
30.01,0,30.01,40.01
10.02,0,10.02,10.02
7.5,0,7.5,8
0.5,0.01,0.51,0.51
12.69,0.63,13.32,13.35
20.35,1.02,21.37,22
0.99,0.02,1.01,2
4.4,0.27,4.67,5
21.19,0.03,21.22,100
6.96,0.2,7.16,10
22.94,0,22.94,22.94
47.78,0,47.78,47.78
17.31,0,17.31,17.31
2.37,0.07,2.44,20
25,0,25,25
4.19,0.25,4.44,10
20.94,0,20.94,20.94
1.59,0.11,1.7,1.7
17.5,0,17.5,17.5
23.96,0,23.96,23.96
20.01,0,20.01,20.01
2.38,0.06,2.44,3
6.99,0.49,7.48,20
4.91,0.09,5,5
2.17,0.1,2.27,20
1.29,0.03,1.32,2
20.98,1.47,22.45,22.45
2.65,0.19,2.84,3
22.29,0,22.29,22.29
30.06,0,30.06,30.06
12.5,0,20,20
25,0,25,25
2.89,0.2,3.09,3.09
1.98,0.04,2.02,3
4.08,0.29,4.37,5
0.99,0.07,1.06,5
28.7,0,28.7,28.7
9.99,0,10,10
0.3,0.01,0.31,0.5
31.01,0,31.01,31.01
32.23,0,32.23,32.23
32,0,32,40
11.21,0.78,1.99,10
1.19,0.08,1.27,1.27
11.28,0.56,11.84,11.84
15,0,15,15
3.03,0,3.03,4
3,0,3,5
16.3,0,16.3,16.3
1.19,0.02,1.21,1.26
23.04,0.15,23.19,50
29.75,0,29.75,100.75
4.47,0.22,4.69,5
50.1,0.1,50.2,60
3.76,0.09,3.85,50
8.26,0,8.26,8.26
6.87,0.21,7.08,10
2.67,0.19,2.86,2.86
5,0.35,5.35,5.35
5.99,0.37,6.36,6.36
26.75,0,30,30
3.01,0,0.01,0.01
2.37,0.21,2.58,3
26.54,0,26.54,26.54
22.33,0,22.33,22.33
2.88,0.09,2.97,20
6.01,0,6.01,6.1
21,0,21,21
5,0,5,5
0.99,0.07,1.06,1.06
5,0,5,5
1.99,0.04,2.03,2.03
2.18,0.1,2.28,2.28
5.14,0,5.14,5.14
3.37,0.1,3.47,4
2.38,0.12,2.5,20
20.01,0,20.01,20.01
2.84,0.26,3.1,3.1
5.22,0.37,5.59,6
2.58,0.18,2.76,5
0.99,0.07,1.06,5
1.75,0,1.75,1.75
0.99,0.05,1.04,1.04
113.7,0,113.7,113.7
29.7,0,29.7,29.7
41.51,0,41.51,41.51
26.41,0,26.41,26.41
2.28,0.19,2.47,10
2.94,0.21,3.15,5
26.7,0,26.7,26.7
5.49,0.38,5.87,5.87
1.99,0,1.99,5
23.25,0,23.25,24
14.68,0.23,14.91,20
4.06,0.16,4.22,4.22
34.63,0,34.63,34.63
29,0,29,29
22.97,0,22.97,22.97
20,0,20,20
2.98,0.15,3.13,3.13
4.19,0.29,4.48,10
15.59,0.28,15.87,20
1.19,0.08,1.27,2
7.01,0,7.01,10.01
3.06,0.11,3.17,5
16.15,0.02,16.17,20
2,0,2,2
3.79,0.19,3.98,20
22.2,1.49,23.69,25.69
10,0,10,10
59.73,0,59.73,59.73
30,2.1,32.1,32.1
25.02,0,25.02,26
8.01,0,8.01,9
25,0,25,25
5,0,5,5
4.33,0.11,4.44,10
29.48,0,29.48,29.48
3.68,0.11,3.79,4
5.38,0.49,5.87,20
1.99,0.12,2.11,3
18.85,0,18.85,18.85
10,0,10,10
31.5,1.07,32.57,40
8,0,8,8
9.98,0.34,2,2
8.44,0,8.44,8.44
3.49,0.24,3.73,5
5.01,0,5.01,6
6.95,0,6.95,6.95
2.97,0.21,3.18,5.18
6.49,0.07,6.56,10
2.98,0.17,3.15,4
21,0,21,21
1.29,0.09,1.38,2
11.29,0.04,1.33,10
1.19,0.08,1.27,1.27
6.03,0.36,6.39,10.4
3.08,0.18,3.26,5
20.01,0,20.01,20.01
5,0.25,5.25,5.25
28,0,28,28
14.68,0.23,14.91,15
38,0,38,38
1.29,0.08,1.37,5
38.35,0,38.35,38.35
8.68,0,8.68,8.68
5.38,0.24,5.62,5.62
35.3,0,35.3,35.3
1.09,0.08,1.17,10
21.45,0,21.45,21.45
3,0,3,5
3.28,0.07,3.35,4
19.25,0.41,19.66,20
2.19,0.15,2.34,2.34
4.02,0,4.02,4.02
6.56,0.33,6.89,6.89
7,0,7,7
5.06,0,5.06,6
7,0,7,7
30.05,0,30.05,30.05
50.26,1.86,25.22,25.22
23.52,0,23.52,23.52
3.49,0.21,3.7,20
22,0,22,22
5,0.35,5.35,20.5
3.76,0.34,4.1,5
1.69,0.05,1.74,2
1.99,0.14,2.13,10
5,0.15,5.15,5.15
1.19,0.08,1.27,5
22.05,0,22.05,22.05
10,0,10,10
0.99,0.07,1.06,5.06
5,0,5,10
30.49,1.52,32.01,35
50,0,50,50
1.19,0.08,1.27,2
33.37,2.34,35.71,40.01
4.98,0.25,2,2
10,0,10,10
11.87,0,11.87,11.87
5.99,0.18,6.17,10
1.99,0.1,2.09,2.1
0.99,0.07,1.06,1.06
10.01,0,10.01,10.01
28.42,0,28.42,28.42
25,0,25,25
1.99,0.14,2.13,10
2.28,0.07,2.35,3
25,0,25,25
0.89,0.03,0.92,20
3,0.15,3.15,10
0.99,0.09,1.08,5.1
4.34,0.16,4.5,10
33.49,3.01,33.5,33.5
3,0,3,3
1.19,0.07,1.26,1.26
0.99,0.06,1.05,2
32.2,0,32.2,40
5.99,0.36,6,6
34.5,0,34.5,34.5
2.3,0.06,2.36,5
0.69,0.02,0.71,1
24.33,0,24.33,24.33
5.58,0.5,6.08,6.08
0.99,0.09,1.08,2
23.67,0,23.67,23.67
12.08,0.12,12.2,12.2
4.27,0.3,4.57,5
15.02,0.2,15.22,20
2,0,2,2
19.28,0,19.28,19.28
1.98,0.04,2.02,2.02
40,0,40,40
40,0,40,40
12.22,0.05,12.27,13
0.79,0.07,0.86,1
5,0,5,5
2.37,0.09,2.46,5
0.69,0.06,0.75,1
15.39,0.17,15.56,16
5,0,5,5
1.19,0.08,1.27,20
11.43,0.8,12.23,20.25
4.43,0.22,4.65,20
20.01,0,20.01,20.01
1,0,1,1
0.99,0.07,1.06,5
6.49,0,6.49,10
2.09,0.15,2.24,2.24
2,0,2,2
48,0,48,48
28.99,2.03,31.02,31.02
10,0,10,10
1.98,0.14,2.12,2.12
5,0,5,5
3.38,0,2.45,2.45
8.99,0.54,9.53,20
40,0,40,100
8.98,0.54,9.52,10
8.47,0.42,8.89,100
30.26,0,30.26,30.26
5,0,5,5
27.49,0.09,27.58,50
3.2,0.16,3.36,20
1.29,0.09,1.38,2
3.18,0.1,3.28,5
5,0,5,5
16.44,0.82,17.26,17.26
8.18,0.25,8.43,20
15.98,0.48,15.36,20
3.88,0.19,4.07,5.1
20,0,20,20
1.38,0.11,1.49,50
23.95,0,23.95,40
1.49,0.1,1.59,2
0.99,0.07,1.06,2
2.88,0.16,3.04,5
40,0,40,100
1.29,0.09,1.38,1.38
7.27,0.33,7.6,20
1.98,0.14,2.12,2.12
2.69,0.25,2.94,3
2.38,0.17,2.55,5.55
33.65,0.14,33.79,40
3.89,0.27,4.16,5
50,0,50,50
50,0,50,50
8.38,0.59,8.97,8.97
9.34,0.08,9.42,10
0.69,0.06,0.75,20.82
5.01,0,5.01,20.01
30.01,0,30.01,30.01
5.48,0.27,5.75,5.75
3.98,0.12,4.1,4.1
5.85,0.41,6.26,20
7.01,0,7.01,7.01
20.69,0,20.69,20.69
2.67,0.19,2.86,10
1.29,0.08,1.37,2
27.12,0,27.12,27.12
5.19,0.26,5.45,6
1.19,0,1.19,2
5.23,0.26,5.49,20
0.99,0.02,1.01,2
5,0.35,5.1,5.1
1.78,0.12,1.9,2
98.38,0,98.38,100
27.38,0,27.38,27.38
3.98,0.28,4.26,10.26
6.49,0.04,6.53,20
25.25,0,25.25,25.25
4.87,0.44,5.31,6
5,0,5,5
20.23,0,20.23,20.23
33.4,0,33.4,33.4
10.01,0,10.01,10.01
10,0,10,10
1.19,0.04,1.23,1.23
0.99,0.07,1.06,2
9.12,0.46,9.58,10
30.01,0,30.01,30.01
29,0,29,29
8.13,0.33,8.46,8.46
1.29,0.04,1.33,1.33
10.34,0.32,10.66,11
29,0,29,29
3,0,3,3
1.69,0.04,1.73,2
21.73,0.09,21.82,22.02
6.96,0.62,7.58,8
2.58,0.18,2.76,5.01
4.4,0.31,4.71,20
2.97,0.21,3.18,10.25
2.68,0.13,2.81,20
19.32,0.58,19.9,20
35,0,35,35
3.14,0.22,3.36,3.5
1.89,0.11,2,20
1.19,0.06,1.25,10
10.2,0.29,10.49,10.49
14.45,0.03,14.48,14.48
24.08,0.15,24.23,25
1.29,0.09,1.38,10
5,0.35,5.35,10
34,0,34,34
0.85,0.02,0.87,0.87
5.18,0.36,5.54,10
15,0,15,15
3.99,0.1,4.09,4.1
29.75,0,29.75,40
18,0,18,18
5.29,0.06,5.35,10
1,0,1,1
14.01,0,14.01,100
26.29,0.09,26.38,40
27,0,27,27
30.01,0.3,30.31,31
1.59,0.03,1.62,20
13.51,0.1,13.61,14
10,0,10,10
5.99,0.42,6.41,6.41
2.38,0.17,2.55,3
3.78,0.19,3.97,5
11.15,0,11.15,11.15
1,0,1,1
3.28,0.18,3.46,4
2.69,0.19,1,1
50,0,50,50
2.58,0.18,2.76,5
16.24,0,16.24,16.24
1,0.07,1.07,2
1,0.03,1.03,5
8,0,8,8
2.38,0.09,2.47,5
12,0.5,10.5,10.5
4.46,0.31,4.77,5
10.01,0,5.01,5.01
18.01,0,18.01,20.01
17.96,0.56,18.52,20
18.65,0,18.65,18.65
14,0.05,14.05,14.05
4.17,0.29,4.46,5
18.64,0,18.64,18.64
0.69,0.02,0.71,1
5,0,5,5
39.75,0,39.75,39.75
43.95,0,43.95,43.95
35.55,0,35.55,35.55
31.8,0.05,31.85,50
1.68,0.08,1.76,2
0.99,0.07,1.06,1.1
6,0,6,6
6.27,0.44,5,5
2.88,0.08,2.96,2.96
5,0,5,5
2.83,0.16,2.99,3
13.08,0.06,13.14,20
5,0.45,5.45,5.5
1.29,0.03,1.32,5
1.19,0.06,1.25,2
5.94,0.42,6.36,20.01
1.68,0.12,1.8,2
5.58,0.28,5.86,10
0.99,0.07,1.06,1.06
1.19,0.08,1.27,2
1.99,0.05,2.04,2.04
3.98,0.28,4.26,5
4.76,0.18,4.94,5
51,0,51,51
0.3,0.01,0.31,0.31
8.49,0.59,9.08,20
37.1,0,37.1,37.1
1.99,0.18,2.17,2.17
2.28,0.16,2.44,5
6.06,0.23,6.29,7
9.89,0,9.89,9.89
2.19,0.15,2.34,3
2.98,0.21,3.19,5
10,0,10,10
17.02,0.42,17.44,18
2.38,0.07,2.45,2.5
20,0,20,20
0.99,0.07,1.06,2
0.79,0.02,0.81,20
10.01,0,10.01,11
9,0,9,27
10.01,0,10.01,10.01
6.25,0.17,6.42,7
15,0,15,15
46.8,0,46.8,46.8
20.6,0,20.6,20.6
5.49,0.49,5.98,20
1.19,0.08,0.15,0.15
3.48,0.25,3.73,5
21.18,1.27,22.45,22.45
4.19,0.38,4.57,5
10,0,10,20
13.26,0,13.26,13.26
19.83,0,19.83,20
1.29,0.04,1.33,5
1.79,0.17,1.96,2
15,0,15,15
3,0,3,3
2,0,2,2
1.19,0.06,1.25,20
2.18,0.05,2.23,3
2.58,0.08,2.66,3
8,0,8,100
3.16,0.19,3.35,5.35
1.19,0.08,1.27,1.27
5.38,0.38,5.76,10.76
35,0,35,35
6,0,6,6
5,0,5,5
5.37,0.27,5.64,6
1.98,0.14,2.12,10.25
26.99,2.5,29.49,29.49
24.99,1.25,26.24,100
1.59,0.08,1.67,1.67
4.63,0.32,4.95,5
10,0,10,10
1.74,0.11,1.85,2
26,0,26,26
5,0,5,5
0.59,0.02,0.61,1.01
3.56,0.32,3.88,5
1.39,0.04,1.43,1.53
10,0,10,10
34.98,0.49,35.47,40
7.41,0.35,7.76,7.76
1.19,0.08,1.27,1.3
6,0,6,6
5.01,0,5.01,5.01
2.89,0.14,3.03,4
22.56,0,22.56,22.56
1.59,0.13,1.72,2
13.18,0.29,13.47,20
87.88,0,87.88,87.88
2.58,0.08,2.66,10.01
25,0,25,25
31,0,31,31
10,0,10,10
8.86,0.62,2,2
2.28,0.19,2.47,3
5,0,5,5
30.83,0,30.83,30.83
8.49,0.17,8.66,50
1.49,0.07,1.56,1.56
3.48,0.24,3.72,5
6.79,0.14,6.93,7
10,0,10,10
2.97,0.11,3.08,20
5,0,5,5
30.58,1.5,32.08,32.08
8,0,8,10
1.98,0.1,2.08,3
4.99,0.45,5.44,20.44
2.89,0.2,3.09,5
3.57,0.11,3.68,4
1.19,0.08,1.27,2
10,0,10,10
16.4,0,16.4,16.4
1.79,0.11,1.9,2
4.68,0.27,4.95,100
10,0,10,20
15.5,0,15.5,15.5
70,0,70,70
3,0,3,3
30,0,30,30
18.01,0,18.01,20.01
34.33,0,34.33,34.33
7.69,0.01,7.7,8
14.02,0,14.02,14.02
1.39,0.04,1.43,1.5
14.55,0,14.55,20
20.01,0,20.01,20.01
10.02,0,10.02,10.02
0.99,0.07,1.06,1.06
3.13,0.18,3.31,10
10.16,0.71,10.87,10.87
10.1,0,10.1,10.1
2.18,0.2,2.38,20
3.38,0.1,3.48,4
5.27,0.26,5.53,6
23.2,0,23.2,23.2
10,0,10,10
39.49,0,39.49,40
34.07,0.7,34.77,40
25.1,0,5,5
15.1,0,15.1,15.1
1.29,0.09,1.38,1.38
1.29,0.04,1.33,10
1.15,0.02,1.17,1.2
8,0,8,8
0.99,0.05,1.04,2
10.09,0.67,10.76,20
1.98,0.05,2.03,3
25.28,1.77,27.05,27.05
3.17,0.12,3.29,4
35,0,35,35
10,0,10,10
25.01,0,25.01,26
2.18,0.11,2.29,2.29
20,0,20,20
0.59,0.06,0.65,0.75
1.68,0.08,1.76,2
5,0,5,5
6,0,6,10
2.39,0.17,2.56,3
15,0,15,15
15,0,15,15
26,0,26,26
10.19,0.57,10.76,11
12.01,0,12.01,12.01
1.29,0.09,1.38,1.38
22.05,0.18,22.23,25
1.58,0.14,1.72,2
120,0,120,120
8,0,8,8
3.87,0.35,4.22,5
35.31,0,35.31,35.31
33.2,0,33.2,50.2
7.23,0.22,7.45,100
15,1.05,16.05,16.05
17,0,17,20
2.38,0.17,2.55,20
29,0,29,29
35,0,35,35
2.97,0.21,3.18,3.25
2,0,2,2
5.19,0.36,5.55,5.55
24.49,1.22,3,3
1.29,0.04,1.33,2
25.65,0,25.65,25.65
5.99,0.3,6.29,20
13.9,0,13.9,13.9
4.68,0.09,4.77,5
3.48,0.16,3.64,4
11,0,11,20
0.99,0.06,0.95,0.95
5.28,0.37,5.65,10
4.38,0.22,4.6,5
10,0,10,20
1.29,0.11,1.4,20
1.7,0.03,1.73,20
15.65,0,15.65,15.65
9.16,0.46,6.62,7
2.88,0.09,2.97,3
8.99,0.05,9.04,9.04
20.01,0,20.01,20.01
5.38,0.32,5.7,6
1.29,0.09,1.38,2
24.99,0,24.99,24.99
29.26,0,29.26,29.26
2.09,0.15,2.24,3
42.11,0,42.11,42.11
18.03,0,18.03,18.03
5,0,5,5
27.75,0,27.75,27.75
9,0,9,9
20.75,0,20.75,20.75
15.02,0,15.02,15.02
0.65,0.01,0.66,0.66
32,0,32,32
2.9,0.27,3.17,3.2
21.99,1.32,23.31,40
27.25,0,27.25,27.25
0.3,0.01,0.31,1.01
15.76,1.1,16.86,20
14.54,0.27,14.81,15
2.89,0.2,3.09,3.09
15.04,0,15.04,16
1,0,1,1
3.77,0.19,3.96,5
2.57,0.05,2.62,5
27.14,0,27.14,27.14
1.98,0.14,2.12,2.2
1.29,0.04,1.33,1.33
2.19,0.07,2.26,10
10,0,10,10
6,0,6,6
2.09,0.19,2.28,3
1.69,0.03,1.72,2
2.38,0.07,2.45,3
21.6,0,21.6,21.6
2.08,0.1,2.18,20
1.99,0.18,2.17,3
5.49,0.49,5.98,6
20.03,0,20.03,20.03
12.68,0.19,12.87,13
1.29,0.09,1.38,5.4
37.24,0,37.24,37.24
50,0,50,50
2,0,2,100
30,0,30,30
5.01,0,5.01,5.01
1.78,0.04,1.82,2
5.3,0.49,5.79,10
5.48,0.19,5.67,10.07
13,0,13,13
0.99,0.09,1.08,2
22.96,0.08,23.04,24
38,0,38,38
2.18,0.07,2.25,20
1.09,0.08,1.17,2
30.02,0,30.02,31
50.01,0,50.01,50.01
15.02,0,15.02,15.02
2.04,0.05,2.09,2.09
10.29,0.12,10.41,11
3.76,0.23,3.99,4
18.22,0,18.22,18.22
22.72,0,22.72,22.72
8.02,0.07,8.09,10.1
2.44,0.11,2.55,5
5.78,0.4,6.18,10
7,0,7,7
1,0,1,1
14.88,0.89,15.77,15.77
3.59,0.32,3.91,10
1.09,0.08,1.17,1.25
2.68,0.05,2.73,3
2,0,2,2
5.04,0.29,5.33,6
42,0,42,42
24.59,0.27,24.86,25
4.76,0.33,5.09,5.09
16.78,0.37,17.15,17.15
6,0,6,6
24.33,0.24,24.56,25
5.06,0.22,5,5
7.99,0.56,8.55,8.55
1.78,0.12,1.9,5
2.98,0.21,3.19,5
30,0,30,30
27.01,0,27.01,27.01
3.68,0.33,4.01,5.01
5.18,0.48,5.66,6
0.79,0.02,0.81,1
2.28,0.07,2.35,2.35
1.59,0.05,1.64,2
5,0,5,5
5.68,0.4,6.08,6.25
20.01,0,20.01,20.01
6.46,0.34,6.8,7
50,0,50,50
2.57,0.12,2.69,20
2.99,0.06,3.05,3.05
5,0.25,5.25,5.25
30,0,30,30
0.89,0.02,0.91,1
1.98,0.14,2.12,20.12
35.15,0,35.15,50
22.85,0,22.85,22.85
1.99,0.14,2.13,2.13
5.78,0.29,6.07,20
3.36,0.18,3.54,10
13.5,0,13.5,14
30.01,0,30.01,30.01
1.48,0.1,1.58,5
0.59,0.01,0.6,1
36.5,0.35,36.85,40
26.28,1.31,27.59,27.59
2.99,0.06,3.05,5
30.49,0,30.49,30.49
1.29,0.04,1.33,1.33
8.26,0.29,8.55,8.55
15.28,0.32,15.6,20
20.99,1.47,22.46,30
1.29,0.11,1.4,2
1.98,0.1,2.08,3
2.99,0.07,3.06,3.25
32.8,0.26,33.06,35.06
32.15,0,32.15,32.15
2.99,0.15,3.14,5
21.5,0,25,25
10.07,0.91,10.98,20
10,0,10,20
1.19,0.08,1.27,1.3
1.98,0.14,2.12,3
10.01,0.25,10.26,15
2.75,0.19,1.94,2
46.24,0,46.24,46.24
5.01,0,0.01,0.01
25.25,0,25.25,25.25
35.9,0,35.9,35.9
13.35,0,13.35,13.35
0.59,0.04,0.63,1
1.29,0.12,1.41,2
2.43,0.05,2.48,3
20,0,20,20
29.74,0.06,29.8,30
5,0,5,10
19.5,0,19.5,19.5
32.02,0,32.02,33
0.99,0.07,1.06,1.06
43.99,1.2,2,2
19.35,0,19.35,19.35
27.3,0,27.3,27.3
2.29,0.06,2.35,2.35
1.19,0.02,1.21,1.21
3.18,0.19,3.37,20
6,0,6,6
5,0,5,5
7.99,0.56,8.55,10
6,0,6,10
5,0,5,5
10,0,10,10
9.27,0.85,10.12,11
7.68,0,7.68,7.68
0.99,0.02,1.01,1.01
21.49,1.5,22.99,40
0.99,0.09,1.08,1.25
2.76,0.06,2.82,10
6.26,0.41,1,1
24.02,0,24.02,24.02
20,0,20,20
30,0,30,30
0.5,0,0.5,0.5
2.34,0.05,2.39,5
3.07,0.27,3.34,5
1.29,0.09,1.38,1.5
4.17,0.23,4.4,5
0.99,0.07,1.06,1.25
8.72,0,8.72,20.02
4.66,0.11,4.77,20
21,0,21,21
3,0,3,3
0.79,0.06,0.85,1
23.92,0,23.92,23.92
16.58,0.08,16.66,17
1.29,0.08,1.37,2
2.94,0.18,3.12,5
1,0,1,1
7.99,0.07,8.06,9.06
35,0,35,35
22.41,0.21,22.62,23
2.29,0.05,2.34,20
2.98,0.09,3.07,20
2.94,0.21,3.15,3.25
44.64,0,44.64,44.64
6.99,0.21,7.2,7.2
6.34,0.57,6.91,7
1,0,1,1
0.79,0.06,0.85,1
40.74,0,40.74,40.74
2.94,0.15,7.09,8
29.51,0,29.51,29.51
4.76,0.07,4.83,10
10.3,0.37,10.67,11
10.03,0,10.03,10.03
14.35,0.72,15.07,15.07
20,0,20,20
30.02,0,30.02,30.02
3.96,0.1,4.06,5
26.95,0,26.95,26.95
8.01,0,8.01,8.01
36,0,36,36
11,0,11,11
88.21,0,88.21,88.21
4.88,0.22,5.1,10.1
368.28,0,368.28,368.28
33.98,2.38,36.36,36.36
0.79,0.02,0.81,1
16.01,0.02,16.03,20.03
9.89,0.06,9.95,9.95
5,0,5,5
10,0,10,10
10.01,0,20,20
55,0,55,55
0.59,0.04,0.63,0.63
5,0.41,5.41,10
21.07,0.55,21.62,21.62
1.09,0.08,1.17,20
13.46,0.12,13.58,14
1.24,0.08,1.32,2
13,0,13,13
0.99,0.09,1.08,2
5.03,0.35,5.38,6
38.74,0,38.74,38.74
25.5,0,25.5,25.5
11.88,0.05,11.93,20
2.94,0.21,3.15,20
14.18,1.28,15.46,20
24.49,1.22,25.71,25.71
10,0,10,20
7.3,0.18,7.48,10
11.38,0.12,11.5,100.5
43,0,43,43
24,0,24,24
7.99,0.74,8.73,20
0.99,0.07,1.06,2
18.37,1.57,19.94,19.94
1.18,0.08,1.26,8.01
1.19,0.06,1.25,1.25
2.18,0.19,2.37,5
49.57,3.47,50.04,55
3.09,0.22,3.31,4
1.29,0,1.29,2
10,0,10,10
14.6,0.23,14.83,20
3.67,0.26,3.93,20
1.59,0.08,1.67,20
33.43,0,33.43,33.43
5.37,0.22,5.59,6
12.29,0.16,12.45,20
34.6,0,34.6,34.6
4.77,0.24,5.01,5.01
11.17,0.45,11.62,12
0.99,0.07,1.06,5.06
26.01,0,26.01,26.01
2.87,0.26,3.13,10.13
3.47,0.21,3.68,5
7.22,0.35,7.57,8
8,0,8,20
4.04,0.07,4.11,5
52.5,0,52.5,52.5
3.77,0.16,3.93,3.93
2.88,0.09,2.97,3
2.89,0.2,3.09,3.09
1.19,0.06,1.25,1.25
1.29,0.12,1.41,1.41
2,0,2,20
16.99,0.21,17.2,20
10,0,10,10
3.04,0.15,3.19,3.25
21.28,1.28,22.56,22.56
10,0,10,10
32.35,0,32.35,32.35
3.77,0.12,3.89,4
24.32,1.5,25.82,40
25,0,25,25
3.58,0.13,3.71,4
5.92,0.15,6.07,7
4.99,0.07,5.06,6
21,0,21,21
0.59,0.04,0.63,0.63
6,0,6,20
4.93,0.1,5.03,6
4.35,0.3,4.65,4.65
1.69,0,1.69,2
24.25,0,24.25,24.25
20.01,0,20.01,20.01
1.19,0.08,1.27,20
8,0,8,8
21.5,0,21.5,21.5
17.01,0,17.01,17.01
2.78,0.14,2.92,2.92
12.99,0.05,13.04,14
33.45,0,33.45,43.45
4.74,0.09,4.83,5
31,0,31,31
2,0,2,58
3,0,3,3
11,0,11,11
8.77,0.26,9.03,20.03
7.01,0,7.01,10.01
23.68,0,23.68,23.68
5,0,5,5
14.87,0.28,15.15,20
15.5,0,15.5,15.5
1.98,0.16,2.14,10
4.87,0.27,5.14,100
14,0,14,14
2.19,0.07,2.26,10
10,0,10,10
5.18,0.36,5.54,20
1.29,0.09,1.38,2
20,0,20,20
34.5,0,34.5,34.5
1.09,0.07,1.16,1.2
18.33,0,18.33,18.33
10,0,10,10
0.69,0.03,0.72,1
19.26,1.3,20.56,20.56
1.19,0.08,1.27,1.27
29.02,0,29.02,29.02
27.3,0,27.3,27.3
5.48,0.33,5.81,6
3.57,0.08,3.65,5
1.04,0.04,1.08,1.25
1.38,0.03,1.41,2
31.08,2.18,33.26,40.26
15,0,15,15
5.26,0.43,5.69,5.69
35.09,0,35.09,50.1
2.74,0.13,2.87,2.87
1.29,0.04,1.33,2
1.79,0.15,1.94,5
11,0.05,11.05,20
150.4,0,150.4,200
10,0,10,10
33,0,33,33
1.29,0.04,1.33,1.33
5.37,0.13,5.5,6
0.59,0.04,0.63,1
2,0,2,20
20.01,0,20.01,20.01
36,0,36,36
0.99,0.02,1.01,1.01
7.43,0.15,7.58,8
0.59,0.04,0.63,0.63
92.96,0,92.96,92.96
1.69,0.1,1.79,2
5.25,0.26,5.51,6
6.34,0.44,6.78,6.78
0.78,0.05,0.83,1
20,0,20,20
1.49,0.07,1.56,5
4.56,0,4.56,4.56
11.55,0.58,8.13,10
14.28,0,14.28,14.28
31.23,0,31.23,31.23
0.85,0.04,0.89,1
38.01,0,38.01,40.01
18,0,18,18
1.49,0.07,1.56,2
3.63,0.21,3.84,5
22.97,0.14,23.11,24
26.93,0,26.93,26.93
1.99,0.14,2.13,2.25
9.76,0,9.76,9.76
11.55,0,11.55,20
3.04,0.15,3.19,3.19
8,0,8,10
2.38,0.06,2.44,5.45
29.1,0,29.1,29.1
3.88,0,3.88,5
20,0,20,20
3.24,0.23,3.47,5
50,0,50,50
14.65,0.69,15.34,20
45,0,45,45
4.57,0.23,4.8,5
3.14,0.22,3.36,20.36
7,0,2,2
15.01,0,15.01,20.01
3.39,0.17,3.56,4
0.99,0.02,1.01,2
3.24,0.23,3.47,4
1,0.09,1.09,1.09
3.19,0.22,3.41,10
4.19,0.29,4.48,5.5
38.42,2.57,40.99,41
3.28,0.16,2,2
8.06,0.15,8.21,9
1.29,0.04,1.33,2
20,0,20,20
34.66,0.72,35.38,35.38
32,0,32,32
10.52,0.32,10.84,20
39,0,39,39
40.01,0,40.01,40.01
2.97,0.21,3.18,10
2.28,0.11,2.39,3
3.27,0.14,3.41,20.41
3.97,0.13,4.1,20
5,0,5,5
29.88,0,29.88,29.88
6.88,0.1,6.98,10
4,0,4,4
2.09,0.1,2.19,5
10,0,10,20
5,0,5,5
2.28,0.11,2.39,3
1.29,0.09,1.38,1.45
15.5,0,15.5,15.5
0.89,0.08,0.97,0.97
2.44,0.13,2.57,5
1.74,0.09,1.83,5
30.52,0,30.52,30.52
32.35,0,32.35,32.35
8.98,0.44,9.42,9.42
10,0,10,10
73.96,3.7,77.66,78
46,0,46,46
5,0,5,5
40,0,40,40
10.44,0.73,11.17,15
2.38,0.06,2.44,2.44
26.01,0,26.01,26.01
2.37,0.17,2.54,3
0.99,0.07,1.06,1.06
7,0,7,7
20,0,20,20
0.99,0.05,1.04,2
0.69,0.06,0.75,1
0.99,0.07,1.06,1.06
20,0,20,20
1.09,0.1,1.19,1.25
7.67,0.46,8.13,10
0.69,0.01,0.7,5
20.01,0,20.01,20.01
3.24,0.23,3.47,20
31.49,0,31.49,31.49
10.85,0,10.85,10.85
34.89,0,34.89,34.89
10,0,10,10
6.66,0.3,6.96,10
1.98,0.12,2.1,2.1
1.98,0.14,2.12,3
14.98,0,14.98,18
2.51,0.06,2.57,5
37.41,0.07,37.48,37.48
28.31,0,28.31,28.31
6,0,6,6
19.63,0,19.63,20
4.25,0.14,4.39,20
38.96,0.12,39.08,40
30.55,0,30.55,30.55
2,0,2,2
3.19,0.22,3.41,3.41
2.97,0.09,3.06,3.06
0.99,0.09,1.08,1.1
14.19,0.16,14.35,20
2.08,0.16,2.24,3
1.15,0.06,1.21,2
18.4,0.12,18.52,20
33.5,0,33.5,33.5
43,0,43,43
1.58,0.08,1.66,2
1.19,0.08,1.27,1.5
24.98,1.75,26.73,26.73
2.94,0.21,3.15,20
11,0,11,11
1.09,0.07,1.16,2
30,0,30,30
2.49,0.23,2.72,3
9.65,0,9.65,10
10.02,0,10.02,11
7.58,0.68,8.26,10
10.01,0,10.01,10.01
7.47,0.15,7.62,100
50,0,50,50
29.98,2.77,32.75,32.75
2.18,0.11,2.29,5
4,0,4,4
1.19,0.06,1.25,1.25
14.69,0,14.69,14.69
49.78,0,49.78,49.78
7.26,0.48,7.74,10
1.19,0.08,1.27,1.27
5.88,0.41,6.29,7
3.07,0.14,3.21,4
5.95,0.14,6.09,11.1
37.91,0.04,37.95,50
6.59,0.01,6.6,10
2.34,0.1,2.44,5
20,0,20,20
7.02,0.43,7.45,8
1.78,0.12,1.9,20
5,0,5,100
56.87,0.14,57.01,57.01
33.17,0.21,1.19,1.19
1.19,0,1.19,1.19
10,0,10,10
9.99,0.7,10.69,10.69
8.71,0.61,9.32,10
10.15,0.91,11.06,20
21.84,0,21.84,21.84
20.3,0.37,20.67,20.67
23.99,1.68,25.67,25.67
19.5,0,19.5,19.5
10.51,0,10.51,10.51
15,0,15,20
5,0.35,5.35,6
17.17,1.55,18.72,20
50,0,50,50
0.99,0.05,1.04,2
20,0,20,20
15.86,0.37,16.23,17
7.42,0.27,7.69,7.69
5,0,5,5
10,0,10,10
2.6,0.13,2.73,3
1.79,0.04,1.83,2
0.99,0.05,1.04,1.04
1.69,0.05,1.74,2
12.41,0,12.41,12.41
5,0,5,5
2,0,2,2
33.13,0,33.13,33.13
8,0,8,8
0.79,0.06,0.85,1
89.99,6.3,96.29,100
5.09,0.16,5.25,5.25
20,0,20,20
2.38,0.06,2.44,2.44
1.54,0.05,1.59,2
0.99,0.02,1.01,20
27,0,27,27
21.09,0.1,21.19,22
1.29,0.04,1.33,1.33
1.59,0,1.59,2
7.99,0.56,8.55,20
39,0,39,39
22.35,0,22.35,30
0,0,10,10
1,0,1,1
16.19,0.08,16.27,20
1.49,0.03,1.52,10
3.24,0.23,3.47,10
17.43,0,17.43,17.43
20,0,20,20
50,0,50,50
13.1,0,13.1,13.1
16.14,0.81,16.95,20
19.9,0.2,20.1,20.1
42.99,0,42.99,42.99
58.06,0,58.06,60.11
2.48,0.07,2.55,2.55
3.99,0.36,4.35,5
25,0,25,25
11.15,0.49,11.64,12
34.49,0,34.49,40
7,0,7,7
28.43,0,28.43,28.43
25,0,25,25
4.73,0.24,4.97,5
2.28,0.05,2.33,2.33
9.26,0,9.26,9.26
33.5,0,33.5,33.5
1.29,0.03,1.32,1.32
20,0,20,20
25.2,0,25.2,26
12,0,12,12
1.29,0.12,1.41,5.01
4.18,0.29,1.5,1.5
1.09,0.08,1.17,1.2
4.38,0.22,4.6,5
6,0,6,6
0.89,0.06,0.95,1
23,0,23,23
13.39,0.17,13.56,20
10.05,0,10.05,20.05
25.28,0,25.28,25.28
0.5,0,0.5,1
7.17,0.5,7.67,10
29,0,29,50
29,0,29,29
2.58,0.21,2.79,3
22.65,0,22.65,23
10,0,10,10
1.98,0.09,2.07,5
2.88,0.18,3.06,3.06
17.13,1.53,18.66,18.66
1.59,0.05,1.64,2
6.28,0.31,6.59,6.59
12.48,1.15,13.63,20
13.2,0.92,14.12,15
1.48,0.1,1.58,20
26.3,0.09,26.39,30
1.19,0.03,1.22,10
17.73,0,17.73,17.73
37.01,0,37.01,37.01
37.3,0,37.3,37.3
3.67,0.18,3.85,4
32.04,0,32.04,32.04
2.99,0.21,3.2,5.2
0.33,0.01,0.34,0.34
33,0,33,33
4.76,0.42,5.18,20.18
60,0,60,100
5.01,0,5.01,5.01
21.29,0.08,21.37,25
8.95,0.45,9.4,20
12.18,0.15,12.33,12.33
4.36,0.39,4.75,5
2.27,0.07,2.34,5
20.01,0,20.01,20.01
32,0,32,32
10.01,0,10.01,10.01
51.98,3.64,55.62,60
5,0,5,5
4.99,0.15,5.14,5.25
27.4,0,27.4,27.4
6.15,0,6.15,21.15
12.81,0.8,13.61,15
1.09,0.08,1.17,1.25
26.99,0.25,27.24,28
2.58,0.16,2.74,10
1.19,0.03,1.22,2
2.14,0.09,2.23,5
17,0,17,20
1.59,0.03,1.62,5
3.49,0.17,3.66,5.66
2.09,0.06,2.15,20
50,0,50,50
16.12,0,16.12,16.12
10,0.7,10.7,11
4.65,0.14,4.79,10
3.38,0.13,3.51,4
14.99,0,14.99,20
3.88,0.27,4.15,5
15,0,15,15
5,0,5,5
32.2,0,32.2,32.25
37.78,0,37.78,37.78
1.98,0.14,2.12,3
1.19,0.04,1.23,1.25
39.69,0.14,39.83,39.83
38.5,0,38.5,50
25.02,0,25.02,25.02
20,0,20,20
1.19,0.11,1.3,2
1.69,0.1,1.79,2
16.88,0.79,17.67,20
0.99,0.06,1.05,1.05
10,0,10,10
34.5,0,34.5,34.5
6.17,0.37,6.54,6.54
51.5,0,51.5,51.5
5,0,5,5
21.12,0.08,21.2,21.2
4,0,4,20
35,0,35,35
30.01,0,0.01,0.01
227.58,0.12,227.7,227.7
2.39,0.17,2.56,5
5.98,0.42,6.4,10
10,0,10,10
3.39,0,3.39,5
7.14,0.36,7.5,8
10,0,10,10
33.87,0,33.87,33.87
1.98,0.18,2.16,10
3.47,0.16,3.63,4
22.99,2.07,0.06,0.06
17,0.05,17.05,20.05
0.99,0.05,1.04,1.04
1.29,0,1.29,2
15,0,15,20
5,0,5,10
1.49,0.04,1.53,10
25.48,0,25.48,25.48
20.01,0,20.01,20.01
32.42,0,32.42,32.42
20.33,0,20.33,20.33
10,0,10,10
24.6,0,30,30
19.5,0,19.5,20
1,0,1,1
8.85,0.8,9.65,10
8,0,8,10
1.98,0.04,2.02,5
3.07,0.09,3.16,4
1.49,0.13,1.62,5
2.63,0.14,2.77,3
4.98,0.25,5.23,6
2,0.05,2.05,2.05
1.98,0.14,2.12,2.12
27.64,0,27.64,27.64
3.04,0.15,3.19,3.19
50,0,50,50
42.3,0,42.3,42.3
0.99,0.06,1.05,2
7.01,0,7.01,7.01
12,0.7,12.7,200
5.37,0,5.37,10
0.99,0.07,1.06,5
10,0,10,10
28.35,0,28.35,28.35
26.28,0,26.28,26.28
26.96,0.43,27.39,30
36,0,36,100
10,0,10,10
3.87,0.32,4.19,5
3.59,0.32,3.91,5
26.76,0,26.76,26.76
58.04,2.52,60.56,60.56
20.05,0,20.05,20.05
22.06,0,22.06,22.06
5.3,0.37,5.67,6
2.6,0.18,2.78,3
12.91,0,12.91,12.91
4.95,0.25,5.2,20
10,0,10,10
2.28,0.21,1.41,1.41
1.18,0.06,1.24,2
3.24,0.16,3.4,5
3.48,0.18,3.66,5
20,0,20,20
59.01,0,59.01,59.01
1.7,0.03,1.73,1.8
1.19,0.08,1.27,2
10,0,10,10
73.51,0.2,73.71,73.71
1.19,0.06,1.25,2
1.69,0.1,1.79,5
16,0,16,20
3.23,0.1,3.33,4
2.58,0.08,2.66,3
42,0,42,42
37.01,0,37.01,37.01
31,0,31,31
0.99,0.05,1.04,1.05
1.09,0.07,1.16,2
5.3,0.49,5.79,10
1.59,0.03,1.62,2
1.29,0.04,1.33,2
21.03,0,21.03,21.05
41.37,0,41.37,41.37
30.75,0,30.75,30.75
62.23,0,62.23,62.23
2.74,0.14,2.88,10
1.69,0.03,1.72,10
2.58,0.11,2.69,10
5.57,0.39,5.96,6
34.75,0,34.75,34.75
4.72,0.24,4.96,5
2.9,0.2,8.1,8.1
7.01,0,7.01,7.01
3.14,0.16,1,1
5.99,0.07,6.06,6.06
2.38,0.06,2.44,2.44
8,0,8,8
30.15,0,30.15,30.15
3.47,0.15,3.62,10
10,0.5,10.5,10.5
1.59,0.08,1.67,2
26.98,0.05,27.03,27.05
7.17,0.4,7.57,8
1.29,0.09,1.38,1.5
37.02,0,37.02,37.02
35.79,0.4,36.19,40.2
23.23,0.16,23.39,24
11.52,0,11.52,20.52
2.04,0.14,2.18,3
24.46,0,24.46,24.46
8.68,0.61,9.29,20
4.46,0.13,4.59,5
40.55,0,40.55,45
1.09,0.1,1.19,1.25
51.1,0.07,51.17,51.17
6.16,0.26,6.42,7
21.8,0.83,22.63,22.63
22,0,22,22
4.89,0.21,5.1,5.1
8.48,0.77,9.25,20
3.43,0.21,3.64,10
2.68,0.19,2.87,5
6.01,0,6.01,6.01
0,0,3,3
10,0,10,20
43.01,0,43.01,43.01
0.89,0.03,0.92,1.02
5.75,0.4,6.15,6.15
10,0,10,10
35.24,1.83,37.07,40
8.74,0.26,9,9
10.22,0,10.22,10.22
30.11,0,30.11,30.11
1.19,0.05,1.24,2
10,0,10,20
7.43,0.16,7.59,20
42.67,0,42.67,42.67
0.89,0.08,0.97,1
7.53,0.38,7.91,10
10.94,0,10.94,10.94
30.24,0,30.24,30.24
37.69,0.07,37.76,38.01
1.49,0.1,1.59,2
24,0,24,24
5.86,0.22,6.08,20.08
55.47,0,55.47,55.47
7.28,0.51,7.79,10
2,0,2,2
0.69,0.05,0.2,5
2.98,0.21,3.19,5.25
15.56,0.21,15.77,20
47.2,0,47.2,47.2
17.07,0.08,17.15,20
6.19,0.56,6.75,10
4.36,0.13,4.49,5
6,0,6,6
8,0,8,25
20,0,20,100
49.17,2.48,51.65,51.65
1.09,0.08,1.17,20
65.01,0,65.01,65.01
3.37,0.24,3.61,20
34,0,34,40
4.19,0.21,4.4,5
2.27,0.07,2.34,10
20.01,0,20.01,20.01
10.49,0.73,11.22,51.22
9.73,0.32,10.05,11
34.95,3.23,38.18,38.18
18.58,1.3,19.88,20
3,0,3,3
1.99,0.1,2.09,3
28.27,0,28.27,28.27
22.29,0.15,22.44,22.44
15,0,15,15
8,0,8,20
24,0,24,24
1.69,0.08,1.77,5
4.18,0.25,4.43,5
29.39,0.17,29.56,50
0.99,0.06,1.05,2
6.65,0.46,7.11,8
11.41,0,11.41,11.41
4.77,0.33,5.1,6
25.79,0.07,25.86,25.86
38,0,38,38
2,0,2,5
1.96,0.06,2.02,2.05
113.6,0.14,113.74,120
50,0,50,50
4.38,0.11,4.49,10.5
406.87,0,406.87,407
20,0,20,20
6.03,0.3,6.33,10
20.01,0,20.01,20.01
5,0,5,10
4.37,0.11,4.48,5
10,0,10,10
3.37,0.19,3.56,5
1.98,0.1,2.08,3
13.98,0.98,14.96,100
40,0,40,40
28.38,0.1,28.48,30
9.88,0.21,10.09,10.09
6.27,0.34,6.61,10
5.08,0.36,5.44,5.44
5,0,5,5
4.19,0.29,4.48,5
3.18,0.16,3.34,5
7.27,0.46,7.73,10
2.69,0.19,2.88,3
1.49,0.12,1.61,2.01
9.38,0.23,9.61,10
1.29,0.09,1.38,50
15,0,15,15
1.49,0.13,1.62,2
31.02,0,31.02,31.02
2.07,0.14,2.21,5
10,0,10,10
50,0,50,50
9.73,0.4,10.13,10.25
52.16,0,52.16,52.16
21.04,0,21.04,22
0.99,0.07,1.06,1.06
6.38,0.38,6.76,20
19.55,0,19.55,20
1.29,0.04,1.33,1.33
25.5,0,25.5,25.5
10.01,0,10.01,11
2.78,0.14,2.92,20
18.8,0.44,19.24,20
5.55,0.5,6.05,10
5,0,5,5
0.59,0.04,0.63,5
5.08,0.29,5.37,6
5.02,0.14,5.16,20
3.96,0.12,4.08,10
5,0.13,5.13,5.13
21.88,0.44,22.32,23
0.79,0.06,0.85,1
40.11,0,40.11,40.11
3.48,0.12,3.6,20
0.3,0.02,0.32,1
3.23,0.18,3.41,20
1.09,0.08,1.17,2
22,0,22,22
10,0.5,10.5,11
2.28,0.16,2.44,2.44
10.71,0.02,10.73,20
34.01,0,34.01,100.01
31.04,0.05,31.09,40
22,0,22,22
11.02,0,11.02,20.1
1.98,0.1,2.08,2.08
7.87,0.71,8.58,20
10,0,10,10
1.88,0.13,2.01,2.01
23.58,0.18,23.76,25
21.9,0.55,22.45,22.45
15.62,1.09,16.71,100
5,0,5,10
10,0,10,10
24.85,0,24.85,24.85
1,0,1,1
30,0,30,30
16.83,0.61,17.44,20
2.08,0.06,2.14,3
95.54,0.1,95.64,100
10,0.93,10.93,20
2.6,0.18,2.78,10
1.98,0.1,2.08,2.1
6.43,0.32,6.75,20
47,0,47,47
2.44,0.11,2.55,3
2.18,0.12,2.3,20.3
0.98,0.02,1,5
27.42,0,27.42,27.42
50,0,50,50
30,0,30,40
2.9,0.27,3.17,5
5.01,0,5.01,5.01
24.57,1.62,26.19,26.19
49.71,0,60,60
1.19,0,1.19,5
1.98,0.14,2.12,5
1.39,0.04,1.43,5
2.59,0.15,2.74,3
1.68,0.08,1.76,20
20,0,20,20
4.38,0.26,4.64,4.64
43.98,0.17,44.15,44.15
5.06,0.22,0.28,5
7.41,0.41,7.82,7.82
20,0,20,20
23.77,0,23.77,23.77
7,0,7,7
2.98,0.21,3.19,10.19
5.94,0.42,6.36,10
5,0.25,5.25,20.25
1.19,0.03,1.22,1.22
14.75,0,14.75,20
1.88,0.16,2.04,2.04
2.59,0.13,2.72,2.72
4.19,0.38,4.57,45
26.01,0,26.01,40.01
7,0,7,20
1.88,0.13,2.01,3
24,0,24,24
17.54,0,17.54,17.54
1,0,1,1
18,0,18,18
1.09,0.05,1.14,1.14
31.01,0,31.01,31.01
11.76,1.06,12.82,20
10,0,10,10
3.98,0.16,4.14,5
24.19,0,24.19,24.19
1,0,1,1
10,0,10,20
5.08,0.36,5.44,6
6.18,0.15,6.33,50
6.69,0.57,7.26,10.26
26,0,26,26
2.28,0.16,2.44,5
0.85,0.04,0.89,1
50,0,50,50
2.74,0.14,2.88,3
4,0,4,4
119.48,0.52,120,120
4.95,0.25,5.2,6
1,0,1,1
1.49,0.03,1.52,2
3.39,0.17,3.56,3.56
15,0,15,20
27,0,27,27
13.19,0.06,13.25,20
15,0,15,15
9,0,9,10
0.79,0.05,0.84,1
2.94,0.15,3.09,20
21.19,0.11,21.3,21.3
5,0.35,5.35,6
91.58,0,91.58,91.58
2.93,0.16,3.09,3.09
6.78,0.37,7.15,8
5,0,5,5
6.85,0.48,7.33,10
7.94,0.19,8.13,10
18.5,0,18.5,18.5
2.99,0.09,3.08,3.08
6.57,0.32,5.39,5.39
22.28,0.05,22.33,25.33
12.25,0,10,10
5.08,0.36,5.44,6
1.59,0.11,1.7,1.7
37.96,0,37.96,40
0.99,0.02,1.01,1.01
29.02,0,20,20
25.09,0.08,25.17,30
20,0,20,20
3.48,0.1,3.58,10
25.01,0,25.01,50.01
29.18,0,29.18,29.18
2.27,0,2.27,3
1,0,1,1
7.18,0.66,7.84,8
2.79,0.2,2.99,3
4.99,0.46,5.45,6
2.38,0.09,2.47,3
1.59,0.1,1.69,2
50,0,50,50
8,0,8,8
1.99,0.14,2.13,5
1.29,0.06,1.35,2
31,0,31,31
123.35,0,123.35,123.35
30.89,0.08,30.97,40
1.15,0.02,1.17,2
1.78,0.12,1.9,5
20,0,20,20
1.79,0.04,1.83,1.83
0.79,0.04,0.83,1
1.19,0.06,1.25,1.25
3.58,0,3.58,20
25,0,25,25
1.29,0.03,1.32,2
44.5,0,44.5,44.5
5.47,0.21,5.68,6
10,0,10,10
12.32,0,12.32,12.32
3,0,3,3
2.57,0.13,2.7,10
1.98,0.06,2.04,2.04
0.99,0.02,1.01,2
17.1,0,17.1,17.1
10.01,0,10.01,10.01
1.29,0.09,1.38,5
4,0,4,4
8,0,8,20
5.98,0.3,6.28,7
3.48,0.1,3.58,3.6
8.04,0.15,8.19,9
4,0,4,10
10.03,0,10.03,20.05
13.17,0.17,13.34,50
1.19,0.06,1.25,1.25
100.01,0,100.01,100.01
0.25,0.02,0.27,1
10,0,10,10
3.06,0.06,3.12,10
10.67,0.53,11.2,11.2
10,0,10,10
37.2,0.26,37.46,40
22.99,1.15,24.14,25
40.02,0,40.02,40.02
15,0,15,15
24.7,0.39,25.09,25.09
2.94,0.15,3.09,5
30,0,30,30
3.77,0.19,3.96,5
1.98,0.19,2.17,2.17
6.05,0.43,6.48,6.5
1.09,0.07,1.16,2
1.29,0.04,1.33,2
11.09,0.08,11.17,100.27
5,0.35,5.35,20
1.98,0.1,2.08,5.08
84.14,0,84.14,84.14
1.98,0.1,2.08,3
22.06,0,22.06,22.06
4.58,0.14,4.72,5
2.77,0.06,2.83,5
2.59,0.18,2.77,3
73.38,5.14,78.52,78.52
4.76,0.18,4.94,5
24.23,0.18,4.41,5
33.23,0,33.23,33.23
13.19,0.17,13.36,20
30.5,0,30.5,30.5
21.78,0.04,21.82,21.82
35.02,0,35.02,35.02
7.18,0.12,7.3,10
5.49,0,5.49,5.49
2.58,0.18,2.76,10
5.18,0.47,5.65,10
10.18,0.51,10.69,11
44,0,44,50
20,0,20,20
5.29,0.37,5.66,6
50,0,50,50
8,0,8,20
0.59,0.04,0.63,0.63
13,0,13,13
18.79,0.02,18.81,20
3.58,0.25,3.83,20
9.11,0.55,9.66,10
1.59,0,1.59,2
41.25,0,41.25,41.25
53.98,4.99,58.97,70
6.62,0.05,6.67,10
16.22,0,16.22,16.22
15,0,15,15
35,0,35,40
5.67,0.14,5.81,10
5.58,0.28,5.86,20
5.58,0.28,5.86,20
7.58,0.38,7.96,20
10.01,0,10.01,11
10.1,0.93,11.03,20
44,0,45,45
0.99,0.02,1.01,1.01
47.21,0,47.21,47.21
2.37,0.14,2.51,3
0.59,0.04,0.63,0.63
21,0,21,30
2.97,0.18,3.15,3.15
20.02,0,20.02,20.02
40.01,0,40.01,40.01
3.67,0.17,3.84,5
0.99,0.09,1.08,2
1.99,0.14,2.13,2.25
1.29,0.04,1.33,1.33
33.25,0,33.25,33.25
3.98,0.12,4.1,5
2.89,0.2,3.09,5
7.91,0,7.91,7.91
15.2,0,20,20
0.99,0.05,1.04,1.04
26.44,0,26.44,26.44
1.98,0.12,2.1,2.1
38.6,0,38.6,40
10.01,0,0.01,0.01
1.59,0.05,1.64,20
27.7,0,27.7,27.7
5.79,0.21,6,10
0.69,0.06,0.75,0.75
5,0,5,10
47.15,0,47.15,47.15
52.98,0,52.98,52.98
4.57,0.22,4.79,5
39,0,39,39
5.93,0.3,6.23,7
31.9,0,31.9,31.9
50,0,50,50
1.29,0.11,1.4,2
0.89,0.03,0.92,1.02
36.5,0,36.5,36.5
12,0,12,20
15,0,15,15
2.98,0.15,3.13,3.2
1.39,0.08,1.47,2
1,0,1,1
3.18,0.1,3.28,5
5.22,0.26,5.48,6
10,0,10,10
0.89,0.03,0.92,1
31.3,0,31.3,31.3
1.19,0.01,1.2,10
5.66,0.25,5.91,20
4.7,0.43,5.13,5.13
0.51,0,0.51,0.51
5,0,5,5
6.93,0.21,7.14,7.25
2.37,0.11,2.48,20
2.89,0.2,3.09,5
1.69,0.08,1.77,2
10,0,10,10
2.58,0.08,2.66,2.66
32.5,0,32.5,32.5
3.98,0.08,4.06,4.06
1.98,0.05,2.03,2.03
10,0.7,10.7,10.75
0.99,0.07,1.06,5.1
10,0,10,20
7.01,0,7.01,7.01
25.99,0.3,26.29,30
5.28,0.37,5.65,6
7.02,0,7.02,10.05
50,0,50,50
2.38,0.11,2.49,5.5
37.1,0,37.1,37.1
12.04,0,12.04,12.04
0.99,0.07,1.06,10
0.99,0.07,1.06,1.06
2.44,0.12,2.56,3
9.35,0.21,9.56,10
15,1.05,16.05,16.05
25,0,25,25
32.75,0,32.75,32.75
25.7,0,25.7,25.7
1.39,0.08,1.47,2
0.79,0.07,0.86,1
27.06,0.28,27.34,30
25.58,0,25.58,25.58
13.04,0.14,13.18,20
21,0,21,21
26,0,26,26
20.01,0,20.01,20.01
0.59,0.04,0.63,0.65
2.99,0.15,3.14,3.14
3.99,0.28,4.27,20
62.12,0.07,62.19,100
1.69,0.05,1.74,2
39.77,0,39.77,39.77
3.49,0.17,3.66,5
17.44,0,17.44,17.44
18.37,0.29,18.66,20
1.78,0.09,1.87,5
64.88,0.12,65,100
1.49,0.14,1.63,1.75
3,0,3,20
25.25,0,25.25,25.25
1.99,0.1,2.09,5.1
6.19,0.02,6.21,20
0.99,0,0.99,5
16.84,0,16.84,16.84
32,0,32,32
6.69,0.62,7.31,8
24.01,0,24.01,25
16.13,0,16.13,16.13
50,0,50,50
30.98,0.11,31.09,31.09
6.38,0.32,6.7,20
3.48,0.24,3.72,4
1.29,0.09,1.38,1.38
20,0,20,20
26.23,0,26.23,26.23
8,0,8,20
24.46,0,24.46,24.46
16.44,0,16.44,16.44
30.85,0.13,30.98,31
101.17,0,101.17,101.17
46.03,0,46.03,50
2.94,0.21,3.15,3.15
2.99,0.07,3.06,20.06
0.99,0.06,1.05,2
2.59,0.08,2.67,5.75
13.21,0.63,13.84,13.84
4.38,0.11,4.49,4.49
3,0,3,3
30,0.25,30.25,40.25
11.5,0.04,11.54,12
21,0,21,21
1.29,0.09,1.38,1.38
12.09,0.12,12.21,20
26.62,0,26.62,26.62
43.78,0,43.78,43.78
2.19,0.15,2.34,2.34
5,0.15,5.15,5.25
6.18,0.11,6.29,20
2.19,0,2.19,3
2.18,0.05,2.23,3
4.98,0.35,5.33,10
3.79,0.27,4.06,5
5,0,5,5
3.45,0.09,3.54,5
1,0,1,1
17.83,0,17.83,17.83
17.74,0.39,18.13,20
27.5,0,27.5,27.5
15.7,0,15.7,15.7
3.14,0.16,3.3,3.3
3.44,0.24,3.68,3.68
0.99,0.02,1.01,1.01
18,0,18,18
1.29,0.09,1.38,1.5
5.87,0.41,6.28,10
6.34,0.44,6.78,7
2.38,0.17,2.55,5
44.16,0,44.16,44.16
25,1.75,26.75,27
5.31,0.21,5.52,10.02
1.98,0.14,2.12,2.12
7.64,0.33,7.97,7.97
0.5,0,0.5,1
1.79,0.09,1.88,2
6.14,0.11,6.25,10
10,0.7,10.7,100.7
2.94,0.18,3.12,3.12
42.4,0.15,42.55,42.55
5.01,0,5.01,20.05
24.55,0,24.55,24.55
0.75,0.03,0.78,0.78
8.26,0.58,8.84,10.85
2.48,0.22,2.7,3
3.97,0.36,4.33,10
15.01,0,15.01,15.01
5.1,0.21,5.31,10
13.24,0,13.24,13.24
22.18,0,22.18,22.18
30.27,0,30.27,30.27
5,0,5,10
20.28,0,20.28,20.28
1.19,0.08,1.27,1.27
0.99,0.07,1.06,2
3.18,0.22,3.4,5
12.07,0,12.07,12.07
5.68,0.28,5.96,10
1.39,0.03,1.42,5
2,0.05,2.05,2.05
2.57,0.17,2.74,3
1.29,0.04,1.33,1.33
5,0.1,5.1,5.1
26.49,2.45,28.94,40
3.17,0,3.17,5
10,0,10,10
1,0.05,1.05,1.25
4.28,0.3,4.58,5
42.84,0,42.84,42.84
1,0.02,1.02,5.02
0.99,0.09,1.08,1.08
10,0,10,10
12.07,0,12.07,12.07
0.99,0.07,1.06,1.25
5.01,0,5.01,5.01
5.17,0.24,5.41,10
2.54,0.14,2.68,3
0.3,0.01,0.31,0.31
0.99,0.09,1.08,1.25
3.56,0.15,3.71,20
50,0,50,50
11.47,0.57,12.04,20
4.23,0.23,4.46,5.5
8.14,0.61,8.75,8.75
80,0,80,100
22,0,22,22
6.18,0.54,6.72,7
31.1,0,31.1,31.1
10.01,0,10.01,10.01
18.72,0,18.72,20
5,0,5,5
2.58,0.23,2.81,10
9.38,0.26,9.64,10
1.28,0.04,1.32,1.32
1.54,0.11,1.65,2
3.99,0.37,4.36,20
18,0,18,18
40,0,40,40
37.2,0,37.2,37.2
50,0,50,50
40,0,40,50
2.19,0.2,2.39,2.39
1.69,0.03,1.72,20
10,0,10,10
40,0,40,40
0.99,0.05,1.04,1.04
3.87,0.12,3.99,4
10,0,10,10
18.3,0,18.3,20.3
15.57,0.78,16.35,20
3.18,0.29,3.47,4
3.17,0.14,3.31,3.31
0.79,0.07,0.86,1
20,0,20,20
9.73,0.58,10.31,11
2.18,0.15,2.33,5
6.48,0.41,6.89,10
29,0,29,40
20.99,1.47,4,4
0.99,0.07,1.06,5
2.79,0.2,2.99,5
5.32,0.02,5.34,10
0.69,0.06,0.75,0.75
1.09,0.08,1.17,1.17
2.19,0.07,2.26,2.3
11.15,0,11.15,11.15
7.33,0.51,7.84,10
4.23,0.3,4.53,5
5,0,5,5
1.84,0.13,1.97,2
30.02,0,30.02,30.02
31.68,0,31.68,40
1.69,0.09,1.78,1.78
50,0,50,50
90.16,0,90.16,90.16
30,0,30,30
5.37,0.32,5.69,6
0.25,0.02,0.27,0.27
12.98,0.11,13.09,13.1
7.09,0.66,7.75,8
85,0,85,85
40,0,40,40
1,0,1,1
4.76,0.33,5.09,10
1.39,0.07,1.46,2
27.25,0,27.25,27.25
2.64,0.18,2.82,2.82
0.99,0.05,1.04,1.04
3.04,0.15,3.19,4
42.29,0,42.29,42.29
26,0,26,26
41.68,0.55,42.23,42.23
5.72,0.4,6.12,20
4.47,0.13,4.6,10
12.09,0.71,12.8,12.8
1.38,0.06,1.44,2
10,0.7,10.7,21
20,0,20,20
4.06,0,4.06,4.06
5.83,0.41,6.24,7
10.15,0.41,10.56,11
9.92,0.47,10.39,20.5
0.59,0.04,0.63,1
27.39,0,27.39,27.39
1.19,0.07,1.26,1.26
1.29,0.04,1.33,1.33
0.9,0.06,0.96,0.96
50,0,50,50
5,0.35,5.35,5.35
4.67,0.33,5,5
0.69,0.05,0.74,0.74
2.18,0.15,2.33,3
52,0,52,52
3.68,0.14,3.82,5
6.57,0.46,7.03,20
3.28,0.29,3.57,4
22.04,0,22.04,22.04
0.3,0.01,0.31,0.31
1.29,0.12,1.41,5.41
45.01,0,45.01,45.01
47.01,0,55,55
60,0,60,60
4.77,0.24,5.01,5.01
20,0,20,20
5.19,0.22,5.41,5.41
26,0,26,26
2.19,0.11,2.3,10
10,0,10,10
1.19,0.04,1.23,2
5.65,0,5.65,5.65
6.99,0.63,7.62,10
17.19,0.15,17.34,20.34
1.69,0.1,1.79,2
20.01,0,20.01,20.01
6.49,0,6.49,20
10.16,0.53,10.69,11
15.09,0.36,15.45,20
10,0,10,10
2.89,0.2,3.09,20
1.49,0.13,1.62,20
25,0,25,25
5.91,0.28,6.19,10
43,0,43,50
47.44,0.39,47.83,48
10,0,10,20
10,0,10,20
10.38,0.52,10.9,10.9
24.23,0.18,20,20
0.89,0.08,0.97,5
10,0,10,10
1.29,0.09,1.38,1.38
0.94,0.02,0.96,20
1.15,0.02,1.17,2
0.55,0.01,0.56,1
12,0.06,12.06,12.06
0.99,0.09,1.08,1.08
2.37,0.11,2.48,5
40,0,40,40
0.59,0.04,0.63,1.03
1.69,0.05,1.74,2
14.79,0.04,14.83,15
164.87,0,164.87,164.87
0.99,0.09,1.08,1.08
26,0,26,26
1.29,0.11,1.4,5
34.46,0,34.46,34.46
10.01,0,10.01,10.01
30,0,30,30
1.59,0.05,1.64,2
3.27,0.14,3.41,3.41
25.02,0,25.02,25.02
17.25,0,17.25,17.25
25,0,25,25
2.99,0.09,3.08,3.08
5.55,0.39,5.94,20
10,0,10,20
1.39,0.03,1.42,2
33.19,0,33.19,33.19
2.14,0.12,2.26,20
24.74,0,24.74,24.74
10,0,10,10
2.35,0.21,2.56,3
0.99,0.07,1.06,2
5,0.25,5.25,5.25
1.19,0.03,1.22,2
36.5,0,36.5,36.5
3,0,3,10
3.24,0.16,3.4,10
2.09,0.15,2.24,2.24
1.29,0.04,1.33,5
1.19,0.08,1.27,1.27
34,0,34,34
5,0,5,5
14.4,0,14.4,14.4
36.36,0,36.36,36.36
36,0,36,40
12.48,0.12,12.6,20
18.35,0,18.35,20
1.59,0.08,1.67,1.75
5,0,5,5
5.84,0.29,6.13,6.13
2.27,0.19,2.46,3
10.35,0,10.35,50.35
26,0,26,26
29,0,29,29
26,0.4,20,20
1.15,0.06,1.21,1.21
38.16,0,38.16,40
0.99,0.07,1.06,2
28.07,0,28.07,28.07
51.53,0,51.53,60
25,0,2,2
39.71,0.39,38.1,40
2.64,0.18,2.82,20
111.41,0.08,111.49,150
20,0,20,20
4.7,0.43,5.13,5.13
10,0,10,10
4.57,0.41,4.98,4.98
6.23,0.02,6.25,7
17.06,0,17.06,17.06
4.77,0.39,5.16,10
15,0,15,15
15,0,15,20
2.89,0.14,3.03,5.25
4.03,0.2,4.23,4.23
4.19,0.29,4.48,20.5
28.96,0,28.96,28.96
5.22,0.23,5.45,20
24.58,0,24.58,24.58
22,0,22,22
6.32,0.38,6.7,7
30.05,0.09,30.14,30.25
11.39,0.73,12.12,12.12
22.98,1.61,24.59,24.59
2.97,0.09,3.06,5.06
1.19,0.08,1.27,1.27
6.22,0.31,6.53,10
50,0,50,50
70,0,70,70
27.3,0,27.3,50
3.77,0.22,3.99,5
2.87,0.07,2.94,3
3.98,0.2,4.18,5
11.49,0.1,11.59,50
2.58,0.08,2.66,5
5.65,0,5.65,5.65
28.92,2.03,20,20
4.96,0.18,5.14,10
0.25,0.02,0.27,1
9.56,0.67,10.23,10.23
25.83,0,25.83,25.83
20,0,20,20
50,0,50,50
20,0,20,20
10.31,0.72,11.03,21.05
0.98,0.07,1.05,2
5.78,0.29,6.07,6.07
3.58,0.18,3.76,10
2,0,2,2
0.99,0.05,1.04,1.04
2.19,0.13,2.32,2.32
1,0.05,1.05,2
12.36,0.62,12.98,20
2.34,0.12,2.46,5
2.98,0.27,1,1
10,0,10,10
2.58,0.11,2.69,2.69
18.47,0,18.47,18.47
18.02,0,18.02,18.02
2.29,0.16,2.45,2.45
1.09,0.05,1.14,1.25
4.73,0.27,5,5
2.98,0.21,3.19,3.19
3,0,3,3
6.99,0.49,7.48,10
0.79,0.02,0.81,5.01
3.64,0.33,3.97,3.97
6,0,6,6
5.04,0.08,5.12,5.12
10,0,10,10
1.15,0.02,1.17,2
12.9,0.14,13.04,13.04
15,0,15,15
1.19,0.06,1.25,1.25
0.99,0.07,1.06,1.1
1.29,0.08,1.37,2
1.29,0.09,1.38,2
38.01,0,38.01,40.01
4.98,0.35,5.33,6
3.99,0.28,4.27,5
2,0,2,10
20.6,0,20.6,20.6
1.29,0.08,1.37,1.37
4.72,0.24,4.96,5
2.38,0.07,2.45,3
10,0,10,10
7.81,0.45,8.26,10.26
6.97,0.49,7.46,20
30,0,30,30
25,0,5,10
17,0,17,17
4.43,0.22,4.65,10
1.59,0.11,1.7,100
2.99,0.15,3.14,5
3.08,0.08,3.16,5
35.98,0,35.98,35.98
1.19,0.03,1.22,1.25
2.57,0.18,2.75,3
15,0,15,15
1.98,0.14,2.12,5.15
28.01,0,28.01,28.01
1.29,0.03,1.32,1.35
1.98,0.14,2.12,3
81.09,0,81.09,81.09
6,0,6,6
25,0,25,30
1.69,0.1,1.79,2
15.78,0.33,16.11,20
6.28,0.31,6.59,10
